id,log,created_at,time,from_user_id_str,user_followers_count,user_location,status_url,positivo_negativo
0,Cae AMLO 10 puntos porcentuales en aprobaci√≥n de su gesti√≥n https://t.co/GxmOkAigI3,Mon May 27 23:59:59 +0000 2019,28/05/2019 00:59:59,1350154904,574,"Puebla, M√©xico",http://twitter.com/Semanario7DiasP/statuses/1133160956597551109,1
1,RT @nayemequiere: AMLO con sus #Fuertesdeclaraciones https://t.co/z8hWLO9Nxh,Mon May 27 23:59:59 +0000 2019,28/05/2019 00:59:59,1019798371601707008,65,,http://twitter.com/MaraHdz13/statuses/1133160954454265862,0
2,"RT @tumbaburross: Cuando EPN dec√≠a burradas, los PRIISTAS se quedaban callados y algunos hasta se re√≠an.

Cuando AMLO hace y dice burradas, los chairos defienden esas burradas y hasta se enojan porque se r√≠en de su Mes√≠as.

Este nivel de fanatismo es peligroso, much√≠simo.",Mon May 27 23:59:59 +0000 2019,28/05/2019 00:59:59,912113304281198592,10,,http://twitter.com/josefina_simer/statuses/1133160953632239616,0
3,RT @guadalupemart75: @jorgeberry F√≠jate chayotero ni tu mam√° sabe q tienes Internet ratas asquerosa miles murieron x falta de atenci√≥n en el imss x falta de atenci√≥n y medicamentos mientras tu y los hampones se llevaban el dinero de los mexicanos nadie les cree viva AMLO,Mon May 27 23:59:54 +0000 2019,28/05/2019 00:59:54,840571794109136896,284,"Toluca, M√©xico",http://twitter.com/TalaricoLuz/statuses/1133160935823007745,1
4,"RT @JTejado: El d√≠a de hoy con lo sucedido el fin de semana en Zamora y La Huacana (ambos Mich) se juega el gobierno de AMLO toda su capacidad disuasiva frente al Narco y la legitimidad para usar fuerza. D√≠a q no quisieran llegara, pero ya lleg√≥! ü§∑üèª‚Äç‚ôÇÔ∏è https://t.co/CYd74WpPum",Mon May 27 23:59:52 +0000 2019,28/05/2019 00:59:52,4860904400,141,,http://twitter.com/cuau_gonzalez/statuses/1133160926734163968,0
6,"RT @vicentevazquezg: Por instrucci√≥n de AMLO est√°n impedidos de usar las armas con delincuentes disfrazados de civil, incluso, ya no hay retenes. Es decir, ya no los dejan ni que metan las manos. En otras partes del mundo esas humillaciones no se ven, pues ah√≠ si aplican la Ley. #FuertesDeclaraciones https://t.co/U1R4S4PrwW",Mon May 27 23:59:49 +0000 2019,28/05/2019 00:59:49,1019798371601707008,65,,http://twitter.com/MaraHdz13/statuses/1133160914679738368,0
7,"@AnaliaCorrea8 Largue el mezcal, AMLO.",Mon May 27 23:59:48 +0000 2019,28/05/2019 00:59:48,3370510756,313,,http://twitter.com/ocatarinetabel2/statuses/1133160910607003649,1
8,"RT @ABarrancoCh: Lanzan una ""volada"" en afan de irritar a los partidarios de AMLO; se autodesminten sin pudor alguno y luego piden el ""m√©rito"" de haber evitado una decisi√≥n equivocada del presidente. As√≠ o m√°s c√≠nicos.",Mon May 27 23:59:47 +0000 2019,28/05/2019 00:59:47,152091210,1028,Mictl√°n,http://twitter.com/Arioch13/statuses/1133160905229963264,0
9,"RT @forozcolg: La verdad no va hacer sencillo, Pero propongo bloquear definitivamente a este wey.

Es como comenta AMLO, saca la matraca para todo y solo es el perro servil de otros para causar desunion.

Por mi parte desde ahora lo bloqueo, NO VALE NI UN SOLO SEGUNDO DE NUESTRO PRECIADO TIEMPO https://t.co/129BSll8uQ",Mon May 27 23:59:46 +0000 2019,28/05/2019 00:59:46,1065827643025702919,585,Sinaloa,http://twitter.com/Cervand44335336/statuses/1133160900062371840,0
10,"RT @tumbaburross: Cuando EPN dec√≠a burradas, los PRIISTAS se quedaban callados y algunos hasta se re√≠an.

Cuando AMLO hace y dice burradas, los chairos defienden esas burradas y hasta se enojan porque se r√≠en de su Mes√≠as.

Este nivel de fanatismo es peligroso, much√≠simo.",Mon May 27 23:59:45 +0000 2019,28/05/2019 00:59:45,408518340,198,mexico,http://twitter.com/Ariascab/statuses/1133160897906659330,0
11,"RT @brozoxmiswebs: LA SECRETAR√çA DE COMUNICACIONES Y TRANSPORTES RENTA OFICINAS, PARA CUATRO DE SUS UNIDADES, EN UN COMPLEJO PROPIEDAD DE FIBRA DANHOS, A LOS PROPIETARIOS SE LES VINCULA CON AMLO.
https://t.co/UUelzvYsXj",Mon May 27 23:59:43 +0000 2019,28/05/2019 00:59:43,1849106522,55,,http://twitter.com/theoglezregibus/statuses/1133160889631297536,0
12,"RT @alarcondibujos: Se quejan de AMLO, pero hace 10 mil a√±os no dec√≠an nada.",Mon May 27 23:59:40 +0000 2019,28/05/2019 00:59:40,1663695776,118,M√©xico,http://twitter.com/TinaTentle/statuses/1133160876591046657,1
14,"RT @memobarba: M√©xico se fund√≥ hace 10 mil a√±os. Le falt√≥ agregar que se disputaba en aquel entonces el liderazgo mundial con la Atl√°ntida... üòÜ

(En el fant√°stico universo paralelo de AMLO, por supuesto) https://t.co/Ya5zMSGj22",Mon May 27 23:59:38 +0000 2019,28/05/2019 00:59:38,75927038,1648,Colombia,http://twitter.com/Raforismos/statuses/1133160866440974343,0
16,RT @repoenguardia: Reporteras en Guardia pide a AMLO reconocer a periodistas ind√≠genas asesinados https://t.co/IyYNdRlrSr v√≠a @NewsweekEspanol,Mon May 27 23:59:35 +0000 2019,28/05/2019 00:59:35,212699323,1246,,http://twitter.com/paz_eri/statuses/1133160854378074117,1
18,"RT @ABarrancoCh: ?Y cuando los Polivoces paradiaban a Pedro Ferriz y Agust√≠n Barrios G√≥mez? ? Y cuando la ""imitacion"" m√°s rid√≠cula de AMLO se hac√≠a en ""El privilegio de mandar""?",Mon May 27 23:59:32 +0000 2019,28/05/2019 00:59:32,156675979,81,Coatepec,http://twitter.com/veracruz2003/statuses/1133160842441060353,0
19,"RT @CarlosChaviraTV: RT ¬°IMPRESIONANTE!
AMLO nos cuenta sus aventuras desde hace 10,000 a√±os.
#NoticiasParodiar https://t.co/pFA5SELXQB",Mon May 27 23:59:31 +0000 2019,28/05/2019 00:59:31,292125041,50,,http://twitter.com/roger_vega/statuses/1133160837319933955,0
20,"RT @clomnitz: Una buena noticia: AMLO al fin opt√≥ por no nombrar a Velasco a la SEMARNAT. El nuevo titular, Victor Manuel Toledo, es un ec√≥logo. Esperamos de √©l que movilice los conocimientos de la ciencia ambiental para exigir que el medio ambiente ocupe el centro de la agenda pol√≠tica. Amen.",Mon May 27 23:59:31 +0000 2019,28/05/2019 00:59:31,93321109,429,‚õÑÔ∏è Quer√©taro & Zihuatanejo ‚òÄ,http://twitter.com/SilverioVR/statuses/1133160835772166144,0
21,"RT @ibarrajpl: Mira @DeniseDresserG aqu√≠ esta, Ru√≠z Esparza, Javier Duarte, Y Gabriel Quadri, no le digas a nadie pero el de la m√°scara es AMLO, estaban arreglando lo de el nuevo puesto de Manuel Velasco.
üòÇüòÇüòÇüòÇüòÇ https://t.co/uKFcj9rSX7",Mon May 27 23:59:30 +0000 2019,28/05/2019 00:59:30,2166902593,55,Planeta tierra,http://twitter.com/elideearias/statuses/1133160832882348035,0
22,"RT @abrahamendieta: Ya estoy deseando ver como los traficantes de desidia nos intentan convencer de que gracias a sus cuatro tuits AMLO cambi√≥ de idea sobre el secretario de la SEMARNAT.

Seguro no hay ni media disculpa por el Fake News.",Mon May 27 23:59:30 +0000 2019,28/05/2019 00:59:30,187621907,30,,http://twitter.com/rivertris/statuses/1133160832412442624,1
23,@Karous33 Gracias todos juntos por M√©xico Unidos hasta la muerte AMLO le est√° haciendo mucho da√±√≥ ha M√©xico metiendo migrantes delincuentes y con muchos problemas qu√© no son de nosotros AMLO #RENUNCIA,Mon May 27 23:59:27 +0000 2019,28/05/2019 00:59:27,1053385377438941184,28,,http://twitter.com/Jose82194348/statuses/1133160821960450048,0
24,"RT @Blasteropod: El crimen organizado percibe el vac√≠o de poder, la inutilidad y la cobard√≠a del gobierno de Andr√©s Manuel, y ya lanz√≥ su desaf√≠o abierto.

Esos que votaron por AMLO:
APLAUSOS üëèüèªüëèüèªüëèüèª
#AmloElFracasoPresidencial

https://t.co/H2lQMDCsVW",Mon May 27 23:59:27 +0000 2019,28/05/2019 00:59:27,818401589140430848,45,,http://twitter.com/poyotecis/statuses/1133160819636621312,0
25,"Esperen la respuesta de AMLO en 10,000 a√±os https://t.co/l338ojXFb9",Mon May 27 23:59:26 +0000 2019,28/05/2019 00:59:26,121840994,53,"Irapuato, M√©xico",http://twitter.com/jralvarezl/statuses/1133160817929572352,1
26,RT @CNNEE: Intensa reacci√≥n en redes sociales por declaraciones de AMLO: dijo que M√©xico se fund√≥ hace 10.000 a√±os y que ya hab√≠a imprentas https://t.co/I1Mb4kzBTT,Mon May 27 23:59:25 +0000 2019,28/05/2019 00:59:25,431138748,2113,"South Carolina, USA",http://twitter.com/BricenoArturo/statuses/1133160812644847616,0
27,@shaulin88 @FaustoBarajas @FelipeCalderon @Reforma Creo que ni para ti ni para mi fue correcto lo que hizo AMLO. Tienes raz√≥n.,Mon May 27 23:59:25 +0000 2019,28/05/2019 00:59:25,4519670353,48,M√©xico,http://twitter.com/NCastro_m/statuses/1133160811281747969,0
28,"@911optics @artaroo2001 Con estas teor√≠as Macuspanas de AMLO, seguramente le van a dar el premio Humboldt por sus aportes a la paleontolog√≠a.",Mon May 27 23:59:24 +0000 2019,28/05/2019 00:59:24,1321584619,358,"Hannover, Deutschland",http://twitter.com/beutelsp/statuses/1133160807838019584,0
29,@clomnitz ¬øAMLO al fin opt√≥ ?,Mon May 27 23:59:23 +0000 2019,28/05/2019 00:59:23,2229015127,17,,http://twitter.com/FjValdovinos/statuses/1133160805048967168,0
30,"RT @revistaproceso: S√≠ a la austeridad, pero de manera racional: Coparmex a AMLO
https://t.co/KenlH9zZxs https://t.co/8kgXjunZWt",Mon May 27 23:59:21 +0000 2019,28/05/2019 00:59:21,1076960508870385665,12,CDMX,http://twitter.com/Pau_d_triana/statuses/1133160796484194304,0
31,"RT @diazpol: Krauze puso en duda que √©l fuera el autor de la frase ""el hampa period√≠stica"", como aclar√≥ AMLO. Pero s√≠. Con tanto que cargar hoy, quiz√° es comprensible que a Krauze se le olvide hasta lo que escribi√≥.",Mon May 27 23:59:21 +0000 2019,28/05/2019 00:59:21,3277726928,442,,http://twitter.com/LolaSalines/statuses/1133160796454891520,1
33,AMLO se re√∫ne con integrantes de la CNTE en Palacio Nacional | El Economista @eleconomista https://t.co/oWKqUwrmUO,Mon May 27 23:59:21 +0000 2019,28/05/2019 00:59:21,939952549,230,Veracruz,http://twitter.com/gdehoyos100/statuses/1133160795515367424,0
34,"RT @SinlineaMx: AMLO dijo que la frase #HampaPeriod√≠stica es de la autor√≠a de Enrique Krauze.
El historiador asegur√≥, v√≠a Twitter, que no la reconoc√≠a como suya; sin embargo s√≠ aparece en el texto ""Por una democracia sin adjetivos"".
¬øNo que no? https://t.co/rMUmZocRDr",Mon May 27 23:59:19 +0000 2019,28/05/2019 00:59:19,250510042,363,MEXICO,http://twitter.com/marilu250/statuses/1133160788603154433,0
35,"RT @ferbelaunzaran: @CartonCalderon @lopezobrador_ S√≠, Paco, al parecer AMLO prefiere permitir la vejaci√≥n de soldados que ser acusado de ‚Äúrepresor‚Äù. Algo que conoce bien porque √©l mismo recurri√≥ a ello siendo opositor. Saludso",Mon May 27 23:59:19 +0000 2019,28/05/2019 00:59:19,4439095934,364,,http://twitter.com/unkaz04/statuses/1133160787349057536,0
39,Reporteras en Guardia pide a AMLO reconocer a periodistas ind√≠genas asesinados https://t.co/IyYNdRlrSr v√≠a @NewsweekEspanol,Mon May 27 23:59:17 +0000 2019,28/05/2019 00:59:17,1031605181774000128,3928,,http://twitter.com/repoenguardia/statuses/1133160778675179526,1
42,Ya vali√≥! El nuevo secretario de Semarnat en plena genuflexi√≥n ante AMLO. Antes muy ecol√≥gico dec√≠a: https://t.co/Gf6eY4qycI https://t.co/wXi1BgHVvG,Mon May 27 23:59:11 +0000 2019,28/05/2019 00:59:11,156490072,21779,Por ah√≠,http://twitter.com/ANDROMACO64/statuses/1133160755417665536,0
43,"RT @Pajaropolitico: ""Todav√≠a pastaban los b√∫falos en lo que hoy es Nueva York, y ya en M√©xico hab√≠a universidades"", dijo @lopezobrador_, en evento p√∫blico.
https://t.co/4g2LTdyLt4",Mon May 27 23:59:08 +0000 2019,28/05/2019 00:59:08,887095070826147841,115,"Tlalpan, Distrito Federal",http://twitter.com/ElPoderBlog/statuses/1133160743145213952,0
44,"RT @tumbaburross: Casi 10,000 homicidios en 4 meses, el inicio de gobierno m√°s sangriento en toda la historia del pa√≠s.

Era de esperarse, AMLO pasar√° a la historia como el Presidente m√°s mediocre en la historia de M√©xico.",Mon May 27 23:59:07 +0000 2019,28/05/2019 00:59:07,1663695776,118,M√©xico,http://twitter.com/TinaTentle/statuses/1133160738275487744,0
45,"RT @ConsultaPara: Confirmado x el Ganso, el nuevo secretario del medio ambiente es V√≠ctor Manuel Toledo. Creador d la etnoecolog√≠a. No sonar√≠a mal si no fuera... otro iluminado.
‚ÄúLa grandeza d AMLO es una luz q ilumina el firmamento‚Äù.
Esperemos q haga una buena labor.
#NoAlosPuestosParaAmigos
#CPT https://t.co/JCT6stWHXx",Mon May 27 23:59:06 +0000 2019,28/05/2019 00:59:06,381109314,142,MEXICO CITY,http://twitter.com/_JulioPG/statuses/1133160732638494720,1
46,"RT @jgnaredo: Nunca se contempl√≥ a Manuel Velasco como sustituto en @SEMARNAT_mx.

Pero @lopezdoriga y la derecha decidieron armar rumor con esta mentira para golpear a @lopezobrador_.

Hoy AMLO nombr√≥ a V√≠ctor Manuel Toledo como titular de Semarnat. Nadie mejor que √©l para ocupar ese cargo.",Mon May 27 23:59:06 +0000 2019,28/05/2019 00:59:06,1013281592524050432,106,,http://twitter.com/Mick71468908/statuses/1133160731778736129,1
47,"RT @ChairoMexicano: ¬øSaben por qu√© la guerra sucia medi√°tica y en redes sociales de la derecha es infructuosa y seguir√° fracasando? Porque millones de mexicanos sabemos que el sector salud ha estado en el abandono durante d√©cadas, por m√°s que quieran culpar a AMLO nadie les cree, no somos tontos.",Mon May 27 23:59:02 +0000 2019,28/05/2019 00:59:02,408578197,153,M√©xico DF,http://twitter.com/martecualt/statuses/1133160716477898752,1
48,@carolina_rocha_ hmm entra a la lista de AMLO !!,Mon May 27 23:59:02 +0000 2019,28/05/2019 00:59:02,570944150,172,,http://twitter.com/shdezf/statuses/1133160714917634048,1
49,"RT @ReivindicNal: Pobre Sr L√≥pez, no tiene la culpa √©l, sino la doctora de cabecera que le ense√±a Historia.

AMLO afirma que M√©xico se fund√≥ hace m√°s de 10 mil a√±os https://t.co/mX08da2vhG",Mon May 27 23:58:58 +0000 2019,28/05/2019 00:58:58,279229819,117,,http://twitter.com/jaimesoft/statuses/1133160697423175681,1
50,"RT @epigmenioibarra: Medicinas no van a faltar, ni nos vamos a dejar chantajear por presiones de los corruptos: AMLO; ""vamos a abrir las licitaciones y se va a comprar la medicina al mejor precio, en cualquier parte del mundo"".
@Revolucion3_0
https://t.co/MyFYwaw87A",Mon May 27 23:58:57 +0000 2019,28/05/2019 00:58:57,2255260688,202,CDMX,http://twitter.com/_armandofreeman/statuses/1133160696760426496,0
51,"RT @alarcondibujos: Se quejan de AMLO, pero hace 10 mil a√±os no dec√≠an nada.",Mon May 27 23:58:57 +0000 2019,28/05/2019 00:58:57,111835551,148,Mexico DF,http://twitter.com/Maowsy/statuses/1133160696630390786,1
52,"RT @memobarba: M√©xico se fund√≥ hace 10 mil a√±os. Le falt√≥ agregar que se disputaba en aquel entonces el liderazgo mundial con la Atl√°ntida... üòÜ

(En el fant√°stico universo paralelo de AMLO, por supuesto) https://t.co/Ya5zMSGj22",Mon May 27 23:58:57 +0000 2019,28/05/2019 00:58:57,601198751,48,Ciudad de M√©xico,http://twitter.com/_Eduardo_8106/statuses/1133160695774756864,0
53,"RT @Blasteropod: El crimen organizado percibe el vac√≠o de poder, la inutilidad y la cobard√≠a del gobierno de Andr√©s Manuel, y ya lanz√≥ su desaf√≠o abierto.

Esos que votaron por AMLO:
APLAUSOS üëèüèªüëèüèªüëèüèª
#AmloElFracasoPresidencial

https://t.co/H2lQMDCsVW",Mon May 27 23:58:53 +0000 2019,28/05/2019 00:58:53,405741430,376,Mexico,http://twitter.com/FloresdWisteria/statuses/1133160680037597184,0
54,"RT @brozoxmiswebs: LA SECRETAR√çA DE COMUNICACIONES Y TRANSPORTES RENTA OFICINAS, PARA CUATRO DE SUS UNIDADES, EN UN COMPLEJO PROPIEDAD DE FIBRA DANHOS, A LOS PROPIETARIOS SE LES VINCULA CON AMLO.
https://t.co/UUelzvYsXj",Mon May 27 23:58:51 +0000 2019,28/05/2019 00:58:51,1546234074,145,,http://twitter.com/Cami45pp/statuses/1133160667979157506,0
55,AMLO acusa presiones para comprar¬†medicinas https://t.co/z6HwAoPr46,Mon May 27 23:58:50 +0000 2019,28/05/2019 00:58:50,30079695,3926,Mexico DF,http://twitter.com/NetoPeriodista/statuses/1133160665319976961,0
56,"RT @ABarrancoCh: ?Y cuando los Polivoces paradiaban a Pedro Ferriz y Agust√≠n Barrios G√≥mez? ? Y cuando la ""imitacion"" m√°s rid√≠cula de AMLO se hac√≠a en ""El privilegio de mandar""?",Mon May 27 23:58:49 +0000 2019,28/05/2019 00:58:49,961270544204050433,439,,http://twitter.com/Catalinamx/statuses/1133160663080087553,0
57,"#Probeis
#AMLO
#NoMamar https://t.co/hVZ3C5AKah",Mon May 27 23:58:49 +0000 2019,28/05/2019 00:58:49,826432676315934720,2761,CDMX,http://twitter.com/HenriWalter5/statuses/1133160662996324352,1
58,El CJNG amenaza a AMLO https://t.co/QBBnu52LbP v√≠a @El_Universal_Mx,Mon May 27 23:58:49 +0000 2019,28/05/2019 00:58:49,1234835856,482,,http://twitter.com/carlosd43454872/statuses/1133160662451052556,0
60,RT @CNNEE: Intensa reacci√≥n en redes sociales por declaraciones de AMLO: dijo que M√©xico se fund√≥ hace 10.000 a√±os y que ya hab√≠a imprentas https://t.co/I1Mb4kzBTT,Mon May 27 23:58:48 +0000 2019,28/05/2019 00:58:48,3358014190,32,,http://twitter.com/FEDERICOZINNIG/statuses/1133160656704819201,0
61,"RT @AlejandroMtzMed: a qu√© mi Doriguita... primero chillando que AMLO te quiere callar y que t√∫ bien VALIENTOTE no te vas a dejar... y pa¬¥qu√©??? para salir con esas payasadas y humillarte t√∫ solito???

y si mejor si te callas? pero por DIGNIDAD?? @lopezdoriga",Mon May 27 23:58:48 +0000 2019,28/05/2019 00:58:48,830154770916704258,1569,Tultitl√°n estado de M√©xico,http://twitter.com/geronimocueto/statuses/1133160656021012480,0
62,"RT @callodehacha: Yo creo que AMLO es el reflejo de medio siglo de atraso educativo en M√©xico.

No es su culpa, gran parte de la generaci√≥n a la que pertenece el presidente no tiene idea del universo, las estrellas, la ciencia o la tecnolog√≠a sustentable porque vivieron enfrascados en su tiempo.",Mon May 27 23:58:46 +0000 2019,28/05/2019 00:58:46,287518622,1302,,http://twitter.com/Cora90/statuses/1133160647523414016,1
65,"RT @IVANGIDI: Es cierto que AMLO puede ser testarudo, pero su tenacidad es legendaria. Es genio y figura, para deleite de quienes le queremos y para fest√≠n de sus detractores. Innegables su honestidad y rectitud; tiene una visi√≥n y fue elegido para cumplirla. No s√© tampoco por qu√© se excitan.",Mon May 27 23:58:40 +0000 2019,28/05/2019 00:58:40,961270544204050433,439,,http://twitter.com/Catalinamx/statuses/1133160622697279488,1
66,"RT @IVANGIDI: Es cierto que AMLO puede ser testarudo, pero su tenacidad es legendaria. Es genio y figura, para deleite de quienes le queremos y para fest√≠n de sus detractores. Innegables su honestidad y rectitud; tiene una visi√≥n y fue elegido para cumplirla. No s√© tampoco por qu√© se excitan.",Mon May 27 23:58:40 +0000 2019,28/05/2019 00:58:40,961270544204050433,439,,http://twitter.com/Catalinamx/statuses/1133160622697279488,1
67,"RT @MElenaPerezJaen: @Carloslopezjone Yo apostar√≠a que los del gabinete, que estaban sentados detr√°s de #AMLO, contuvieron la risa... espero que este prehist√≥rico virusüëâ ""amlopitecus"", no les vaya a carcomer el cerebro.",Mon May 27 23:58:38 +0000 2019,28/05/2019 00:58:38,601198751,48,Ciudad de M√©xico,http://twitter.com/_Eduardo_8106/statuses/1133160616481435648,1
68,"RT @alarcondibujos: Se quejan de AMLO, pero hace 10 mil a√±os no dec√≠an nada.",Mon May 27 23:58:38 +0000 2019,28/05/2019 00:58:38,912113304281198592,10,,http://twitter.com/josefina_simer/statuses/1133160614354984962,1
69,"RT @AnailiCamacho: @craviotocesar No se escuden en como dejaron el pais los otros gobiernos que eso lo sabia muy bien AMLO y su gobierno de 4ta. ¬øQue ha hecho en 6 meses la 4ta? incumplir con todo lo que prometio y como la FALLIDA RECONTRUCCION a su cargo, asi llevan el pais de mal en peor.",Mon May 27 23:58:38 +0000 2019,28/05/2019 00:58:38,3249500325,210,,http://twitter.com/Trinigodi/statuses/1133160613729845248,0
70,"RT @HectorAtarrabia: ¬°Amlo va a nombrar a Trump secretario de gobernaci√≥n!
¬°Yo se lo prohibo!

¬°J√°! ¬øVieron? Me hizo caso, salv√© a la naci√≥n.

(Do baben, as√≠ se oyen)",Mon May 27 23:58:37 +0000 2019,28/05/2019 00:58:37,549763269,536,"M√©xico, D. F.",http://twitter.com/charli_bad/statuses/1133160611624316928,0
71,"RT @ESEMEJIA: 2. Por el bien de sus fortunas, que empresarios dejen de atacar a AMLO: ""Napo"" https://t.co/40bE2c7WOo",Mon May 27 23:58:35 +0000 2019,28/05/2019 00:58:35,1077616564004945921,102,,http://twitter.com/northern_libert/statuses/1133160604632539136,0
72,"RT @CarlosChaviraTV: RT ¬°IMPRESIONANTE!
AMLO nos cuenta sus aventuras desde hace 10,000 a√±os.
#NoticiasParodiar https://t.co/pFA5SELXQB",Mon May 27 23:58:33 +0000 2019,28/05/2019 00:58:33,2756260463,21,,http://twitter.com/martinf97419650/statuses/1133160594289430528,0
73,"RT @diazpol: Krauze puso en duda que √©l fuera el autor de la frase ""el hampa period√≠stica"", como aclar√≥ AMLO. Pero s√≠. Con tanto que cargar hoy, quiz√° es comprensible que a Krauze se le olvide hasta lo que escribi√≥.",Mon May 27 23:58:32 +0000 2019,28/05/2019 00:58:32,408578197,153,M√©xico DF,http://twitter.com/martecualt/statuses/1133160592397750273,1
74,"Encuesta: Aprobaci√≥n de AMLO baj√≥ a los seis meses de gobierno, pero sigue con balance a favor |¬†Video https://t.co/eKkvPQrZBL",Mon May 27 23:58:31 +0000 2019,28/05/2019 00:58:31,30079695,3926,Mexico DF,http://twitter.com/NetoPeriodista/statuses/1133160587800842246,0
75,"Si lo dice #Krauze es por ""licencia creativa"", si lo dice #AMLO es intimidaci√≥n a los opositores.

#Hip√≥critas",Mon May 27 23:58:31 +0000 2019,28/05/2019 00:58:31,90944144,933,"Mexico, DF",http://twitter.com/GerardoAyala/statuses/1133160587549184000,0
76,"RT @CarlosChaviraTV: RT ¬°IMPRESIONANTE!
AMLO nos cuenta sus aventuras desde hace 10,000 a√±os.
#NoticiasParodiar https://t.co/pFA5SELXQB",Mon May 27 23:58:31 +0000 2019,28/05/2019 00:58:31,109437507,31,Mexico,http://twitter.com/guerejitamm/statuses/1133160584885755905,0
77,"El nuevo jefe de Aduanas, tiene empresas importadoras,no puede ser Jefe de Aduanas y tener Empresas Importadoras,
Y DICE AMLO QUE NO HAY FAVORITISMOS, NEPOTISMO Y SE ELIGEN A LOS MEJORES PARA LAS DEPENDENCIAS
Pura basura https://t.co/UOX3wWozpu",Mon May 27 23:58:30 +0000 2019,28/05/2019 00:58:30,157181652,7041,"California, USA",http://twitter.com/loredojd/statuses/1133160581660389376,0
78,"RT @ZomVick: @callodehacha Muchas gracias, mi hermoso precioso, que Dios (AMLO) te premie con 47 millones de bendiciones hoy y siempre. üòò",Mon May 27 23:58:29 +0000 2019,28/05/2019 00:58:29,1556505122,123,,http://twitter.com/UlisesAlbarran1/statuses/1133160578942459909,1
79,"ojo
ratas que el pueblo los demande por traicion al pueblo de mexico por lucrar con la salud del pueblo y enczima le niegan a amlo vender medicina y ademas le mandan robar la medicina
lo bueno que amlo comprara medicina de mayoreo al extranjero... https://t.co/eZx0RwEr4E",Mon May 27 23:58:28 +0000 2019,28/05/2019 00:58:28,295519810,62,lazaro cardenas michoacan,http://twitter.com/serviktronicsal/statuses/1133160574496452609,0
80,"RT @_VicenteSerrano: Ahora resulta que @EnriqueKrauze se la da de intachable y arremete contra @lopezobrador_ durante un foro en la Universidad de Guadalajara. El que se lleva se aguanta, Don Enrique. Asegura que #AMLO debe aguantar la cr√≠tica ¬øMe ayudan a compartir v√≠deo? https://t.co/BgLhWZTIyL https://t.co/xGsa86GuJl",Mon May 27 23:58:26 +0000 2019,28/05/2019 00:58:26,718844291922010113,178,En la ruta de la seda...,http://twitter.com/jainalux/statuses/1133160565730209793,0
82,"""La m√°s alta tolerancia a la cr√≠tica"" es el mejor argumento, don AMLO lo entender√° perfecto, estoy seguro #mecansoganso",Mon May 27 23:58:22 +0000 2019,28/05/2019 00:58:22,969385656559390720,223,Ciudad de los Dioses,http://twitter.com/loivanehp/statuses/1133160547535298560,1
83,@FierroGossman @jorgeramosnews Tiene raz√≥n AMLO,Mon May 27 23:58:22 +0000 2019,28/05/2019 00:58:22,187621907,30,,http://twitter.com/rivertris/statuses/1133160546855923712,0
84,"RT @TheLilLudwig: ""A ustedes los patrocina Pe√±a Nieto""

En 2012 AMLO fue a Televisa y en el programa 3er Grado ante los ataques y burlas del #HampaDelPeriodismo; en su cara, de frente y sin tapujos les dijo lo que hoy confirmamos gracias a la lista de periodistas millonariamente comprados.

√âpico https://t.co/vudYqdos0n",Mon May 27 23:58:21 +0000 2019,28/05/2019 00:58:21,2464965234,50,,http://twitter.com/jesushgarzacant/statuses/1133160546000343040,1
85,"RT @ZomVick: @callodehacha Muchas gracias, mi hermoso precioso, que Dios (AMLO) te premie con 47 millones de bendiciones hoy y siempre. üòò",Mon May 27 23:58:20 +0000 2019,28/05/2019 00:58:20,4162116440,160,"Monterrey, Nuevo Le√≥n",http://twitter.com/ChavamMataMen/statuses/1133160539578929152,1
86,"@CartonCalderon @ferbelaunzaran @lopezobrador_ No le dar√° verg√ºenza a amlo ver a los soldados as√≠, es inaceptable",Mon May 27 23:58:17 +0000 2019,28/05/2019 00:58:17,95490058,23,"tijuana ,mexico",http://twitter.com/mgl_chvz77/statuses/1133160528338198530,0
87,"RT @ocadiz6: ¬øPero que tal cuando parodiaban a AMLO en la estupidez esa de el privilegio de mandar? Ahi si era puro jijiji jajaja.
Hipocritas payasos.",Mon May 27 23:58:17 +0000 2019,28/05/2019 00:58:17,42047077,4154,Guadalajara Jalisco,http://twitter.com/rebot2009/statuses/1133160527255855105,0
88,"RT @HectorAtarrabia: ¬°Amlo va a nombrar a Trump secretario de gobernaci√≥n!
¬°Yo se lo prohibo!

¬°J√°! ¬øVieron? Me hizo caso, salv√© a la naci√≥n.

(Do baben, as√≠ se oyen)",Mon May 27 23:58:17 +0000 2019,28/05/2019 00:58:17,152914185,163,,http://twitter.com/Lucia_Eme/statuses/1133160526433869825,0
89,RT @CNNEE: Intensa reacci√≥n en redes sociales por declaraciones de AMLO: dijo que M√©xico se fund√≥ hace 10.000 a√±os y que ya hab√≠a imprentas https://t.co/I1Mb4kzBTT,Mon May 27 23:58:10 +0000 2019,28/05/2019 00:58:10,3063198256,352,,http://twitter.com/don_nervio/statuses/1133160500102090753,0
90,RT @diazpol: Aqu√≠ est√°n algunos de los que difundieron con ah√≠nco la fake news de que AMLO ya hab√≠a escogido a Manuel Velasco como secretario de la SEMARNAT. Nada para asombrarse. As√≠ se comportan desde el pasado primero de julio. https://t.co/An0xJJbq3a,Mon May 27 23:58:08 +0000 2019,28/05/2019 00:58:08,2402185752,33,,http://twitter.com/fernandomtzf/statuses/1133160488588783617,1
91,"@VicenteFoxQue Que f√°cil todos los d√≠as de la comodidad de su hogar (del cual se adue√±√≥ robandose tierras a ejidatarios)y rodeado de escoltas de AMLO, criticar a quien madruga de lunes a lunes para limpiar el cochinero que usted particip√≥ en dejar, mejor hablemos de la secta es tema actual. https://t.co/HnbkIx4p4R",Mon May 27 23:58:08 +0000 2019,28/05/2019 00:58:08,3022030964,92,,http://twitter.com/lisbethcl_karla/statuses/1133160488387244032,1
92,"RT @tumbaburross: Cuando EPN dec√≠a burradas, los PRIISTAS se quedaban callados y algunos hasta se re√≠an.

Cuando AMLO hace y dice burradas, los chairos defienden esas burradas y hasta se enojan porque se r√≠en de su Mes√≠as.

Este nivel de fanatismo es peligroso, much√≠simo.",Mon May 27 23:58:07 +0000 2019,28/05/2019 00:58:07,1064741226463715328,11,,http://twitter.com/guadalu86334927/statuses/1133160487368060928,0
93,RT @G_AguirreM: Hilo imperdible del extraordinario @macariomx sobre eso de los #10mila√±os #AMLO y la imperiosa necesidad de que el presidente gobierne m√°s y hable menos. üëáüèΩ https://t.co/t9TFHOrXqv,Mon May 27 23:58:06 +0000 2019,28/05/2019 00:58:06,293845788,185,,http://twitter.com/70aguirre/statuses/1133160482548912129,1
95,"L√≥pez ""Realidades Alternas"" Obrador #AMLO",Mon May 27 23:58:02 +0000 2019,28/05/2019 00:58:02,60015497,155,THRASHDALAJARA JALISCO,http://twitter.com/thewitcho/statuses/1133160463745855488,1
96,RT @AristeguiOnline: Aprobaci√≥n de AMLO cae 10 puntos; normar publicidad oficial para que no haya m√°s listas de ‚Äúchayoteros‚Äù | Lo mejor Aristegui En Vivo https://t.co/BUBovDe1BU,Mon May 27 23:58:00 +0000 2019,28/05/2019 00:58:00,1942402676,659,Puebla,http://twitter.com/contadorcamach1/statuses/1133160454937694209,0
97,"RT @brozoxmiswebs: LA SECRETAR√çA DE COMUNICACIONES Y TRANSPORTES RENTA OFICINAS, PARA CUATRO DE SUS UNIDADES, EN UN COMPLEJO PROPIEDAD DE FIBRA DANHOS, A LOS PROPIETARIOS SE LES VINCULA CON AMLO.
https://t.co/UUelzvYsXj",Mon May 27 23:57:58 +0000 2019,28/05/2019 00:57:58,129936051,94,"Villa Verdun, √Ålvaro Obreg√≥n",http://twitter.com/memobosch/statuses/1133160446465175552,0
98,RT @lasillarota: Exige @FelipeCalderon a @lopezobrador_ revocar orden que impide a soldados defenderse luego de que militares fueran desarmados en Michoac√°n https://t.co/jZ0HhA6BUr https://t.co/5FHt4tXHfN,Mon May 27 23:57:52 +0000 2019,28/05/2019 00:57:52,1529120330,513,,http://twitter.com/PedroGarcia0053/statuses/1133160424126517248,0
99,"RT @rosales_claus: BAJACALIFORNIAAAAAAAAANS!
Que te guste la pizza no quiere decir que ""a huev..."" te gusta el pepperoni.
Igual, aplica;
Si votaste por AMLO no quiere decir que ""debas"" votar por BONILLA.
De lo contrario, nos van a dar con el pepperoni...Y nos va a doler mucho.",Tue May 28 23:59:58 +0000 2019,29/05/2019 00:59:58,873778622,335,,http://twitter.com/VivianaBasanta/statuses/1133523339400699904,0
101,"RT @edgarsoy: @ferbelaunzaran @RicardoRocha_MX @lopezobrador_ Bien por Ricardo Rocha, esto no quiere decir que todos los de la lista tengan buenos argumentos para deslindarse del chayoteo. No escuch√© la conferencia y la buscar√© para ver la respuesta de AMLO.",Tue May 28 23:59:55 +0000 2019,29/05/2019 00:59:55,841518507175137280,16,,http://twitter.com/DeboraVCas/statuses/1133523327090188288,0
102,"RT @hectoralexx: En 2006 AMLO dice ""M√©xico necesita purificaci√≥n"".

E. Krauze acusa: eso es mesianismo.

AMLO responde: tom√© frase de D. Cos√≠o,escrita en 1946.

Krauze dice: no recuerdo que as√≠ fuera la frase.

Hoy pasa igual con""hampa de la pol√≠tica"".

O Krauze no tiene memoria o no tiene decoro",Tue May 28 23:59:54 +0000 2019,29/05/2019 00:59:54,1107323181189099520,162,M√©xico,http://twitter.com/Y_El_Zarco/statuses/1133523321277034499,1
103,"RT @SoyCristianRey: ¬øEs AMLO el presidente menos inteligente en la HISTORIA de M√©xico? A mi me queda clar√≠simo.

https://t.co/WZ1D87qq8Z",Tue May 28 23:59:52 +0000 2019,29/05/2019 00:59:52,245852520,271,,http://twitter.com/cesteban7/statuses/1133523313697873920,0
104,@sopitas Y como al que le cant√≥ es al amlo habr√° quienes se√±alen a una se√±ora solo por cantar?,Tue May 28 23:59:51 +0000 2019,29/05/2019 00:59:51,109938316,30,Mx,http://twitter.com/Cristyccgg/statuses/1133523311059787779,0
105,"RT @jucanevi: @Trolmalpagado Es curioso como cuando a este gobierno le anuncian una ca√≠da en sus preferencias, se ponen a trabajar.
AMLO es experto en cortinas de humo.",Tue May 28 23:59:51 +0000 2019,29/05/2019 00:59:51,86102558,17463,M√©xico,http://twitter.com/ileana_Mex/statuses/1133523309201506306,0
106,"@MuySuFrida no seas mal pensada, esa mujer sale todos los d√≠as de su casa, sobre todo si va a subirse a un avi√≥n, con la letra de la canci√≥n por si se encuentra a AMLO!!! https://t.co/LTXYMM9AAL",Tue May 28 23:59:49 +0000 2019,29/05/2019 00:59:49,133506611,13076,En Tabasco,http://twitter.com/GinaTrujilloZ/statuses/1133523301752627200,0
107,"RT @soyelciudadano2: Ya hay orden d aprehensi√≥n para mexicanos involucrados en caso d Odebrecht. Este gob est√° trabajando bien y sin necesidad de empezar 1 persecuci√≥n como bandera basada en la venganza vs corruptos. AMLO est√° dejando a la justicia trabajar y est√° funcionando!
https://t.co/zO619zaW84",Tue May 28 23:59:49 +0000 2019,29/05/2019 00:59:49,986645143171219457,296,,http://twitter.com/IrmaNaranjo4/statuses/1133523301706420224,0
109,"RT @CarlosChaviraTV: RT ¬°√öLTIMA NOTICIA!
AMLO llama a Chabelo y pide subir un video donde afirme que √©l vivi√≥ la llegada del hombre hace 10 mil millones de a√±os.
#NoticiasParodiar https://t.co/lzKuYbPqEl",Tue May 28 23:59:47 +0000 2019,29/05/2019 00:59:47,245392282,34,,http://twitter.com/JoMAKCHO/statuses/1133523293690982400,1
110,"@DeniseDresserG @ForeignAffairs Pinche AMLO que no abastece de medicamentos los hospitales, no como con Pe√±a que al menos hab√≠a agua para las quimioterapias.",Tue May 28 23:59:44 +0000 2019,29/05/2019 00:59:44,32167964,123,m√©xico,http://twitter.com/malafacha72/statuses/1133523281904975872,0
111,"@TheRealBarbitch Estos par√°sitos se la pasan vomitando odio contra el presidente AMLO,aaaaah pero si les recuerdas que son un viles sirvientes de esos mafiosos del PRIAN se enojan y bloquenan.Tienen la piel muy delgada estos hampones del periodismo üòí.Malditos hijos de la chingadaüò† https://t.co/UMQT3eyYPw",Tue May 28 23:59:43 +0000 2019,29/05/2019 00:59:43,1122568780092203008,302,Costa maya üá≤üáΩ,http://twitter.com/Oselotl3/statuses/1133523273994653696,1
112,@angell_acostaa @levivanquee Yo si le apoyaba en eso... AMLO quem√≥ a los huachicoleros por qu√© no dejar sin manos ü§∑,Tue May 28 23:59:42 +0000 2019,29/05/2019 00:59:42,1635887172,2647,Sonora,http://twitter.com/GxbbMSxlxnder/statuses/1133523270790209541,1
114,"RT @hectoralexx: @OlafHuerta @JoseManuelGM77 Ejemplo: AMLO llama ""prensa fif√≠"" a un peri√≥dico espec√≠fico a ra√≠z de una nota cuestionable.

Todos los dem√°s se ponen el saco.

El Peje no tiene la culpa de su ego desmedido, mano.",Tue May 28 23:59:37 +0000 2019,29/05/2019 00:59:37,53215353,516,en el camino de la vida,http://twitter.com/DRIGER1992/statuses/1133523250393296896,0
115,"RT @Luouis009: Ser√° que la derechairiza y ""cr√≠ticos apartidistas"", con tal de llevar la contraria/atacar a #AMLO y a la 4T ¬ødefender√°n a Emilio Lozoya y al director de Altos Hornos de M√©xico?",Tue May 28 23:59:35 +0000 2019,29/05/2019 00:59:35,1096808535889989633,675,,http://twitter.com/84_pabloruiz/statuses/1133523243627945995,1
116,"RT @lasillarota: Sus nexos pol√≠ticos no fueron impedimento para ser candidato al Senado y ahora titular de la Administraci√≥n General de Aduanas del gobierno federal de Morena. Este es su ""oscuro"" pasado https://t.co/PmgEv1iB2H",Tue May 28 23:59:35 +0000 2019,29/05/2019 00:59:35,1046963243342880769,144,,http://twitter.com/LizRo59342260/statuses/1133523241702703105,0
117,RT @lasillarota: .@SCT_mx renta oficinas a amigos cercanos de @lopezobrador_. Estos son los millones que pagan al mes y esta es la postura de Fibra Danhos https://t.co/fmf4T2fuuY,Tue May 28 23:59:33 +0000 2019,29/05/2019 00:59:33,102089531,58,"Leon, Gto.",http://twitter.com/IsaDelV/statuses/1133523235923013634,0
118,¬øLos que dec√≠an que las ma√±aneras de AMLO son un show montado seguir√°n diciendo lo mismo despu√©s de ver la participaci√≥n de Ricardo Rocha?,Tue May 28 23:59:33 +0000 2019,29/05/2019 00:59:33,208777955,813,,http://twitter.com/diaz_martin1/statuses/1133523234136186880,0
119,"RT @AlfredoLecona: Hace 2 a√±os, AMLO mencion√≥ la compra a sobreprecio de una planta de fertilizantes en Coatzacoalcos, a ‚Äúun amigo de Salinas‚Äù.

La planta es Agro Nitrogenados y el amigo es Alonso Ancira a quien Salinas le vendi√≥ AHMSA.

BRAVO. Emilio Lozoya es solo la punta del iceberg.
#Odebrecht https://t.co/BSJwml1tgr",Tue May 28 23:59:31 +0000 2019,29/05/2019 00:59:31,32643953,405,M√©xico,http://twitter.com/guillermopro02/statuses/1133523227626676224,0
121,Este es el reflejo de c√≥mo se encuentra #Profeco @Profeco @SheffieldGto @GobiernoMX #AMLO #LasMa√±anerasdeAMLO https://t.co/IhLzyX3YQh,Tue May 28 23:59:31 +0000 2019,29/05/2019 00:59:31,75519322,509,"Le√≥n, Gto. y Cuernavaca Mor.",http://twitter.com/samuelmartinezc/statuses/1133523226435510272,0
122,"RT @El_Universal_Mx: Ni universidades, ni grandes civilizaciones, hace 10,000 a√±os debido al calentamiento global ‚îÄpor fen√≥menos naturales‚Äî se extingu√≠an 80 especies de mam√≠feros en M√©xico https://t.co/weSMOieeQF",Tue May 28 23:59:31 +0000 2019,29/05/2019 00:59:31,3058854944,58,,http://twitter.com/Sefardita49De/statuses/1133523223906312193,0
123,"@DyerDwight No seas mala leche, AMLO no es como los dem√°s, no es mentiroso ni difamador",Tue May 28 23:59:29 +0000 2019,29/05/2019 00:59:29,947284174074994688,23,"Tampico, Tamaulipas",http://twitter.com/pepefreud58/statuses/1133523217514209281,0
124,"RT @Ama2Vazquez: Si atacan a los soldados, antes, ya sab√≠an a lo que se aten√≠an. Ahora hasta se desarman solos. Es la pol√≠tica entreguista de AMLO",Tue May 28 23:59:29 +0000 2019,29/05/2019 00:59:29,2568944877,59,Sri Lanka,http://twitter.com/Jmora66Jose/statuses/1133523215286906880,0
126,"RT @OficialEnLaMira: Antes de iniciar su viaje a Nayarit, el presidente @lopezobrador_ fue sorprendido por una mujer que le dio una serenata en el avi√≥n https://t.co/jc2uq4aKyb https://t.co/3FZz63m7eD",Tue May 28 23:59:27 +0000 2019,29/05/2019 00:59:27,212456520,537,M√©xico üá≤üáΩ,http://twitter.com/Adrianjaro8/statuses/1133523206948573184,0
127,RT @El_Universal_Mx: #Video üìπ Ricardo Rocha reclama a AMLO que su nombre aparezca en lista de periodistas que recibieron dinero https://t.co/R2hA0bBEok https://t.co/NrlUbLpJhJ,Tue May 28 23:59:24 +0000 2019,29/05/2019 00:59:24,1293281628,558,Jalpa de M√©ndez,http://twitter.com/Jesusedhel/statuses/1133523194814631937,0
128,"RT @FedericoArreola: AMLO pega jonr√≥n contra la corrupci√≥n. Cay√≥ Ancira, caer√° Lozoya. ¬øEn la mira Coldwell, Videgaray, Ildelfonso? https://t.co/LqQDmeGYm1 v√≠a @FedericoArreola",Tue May 28 23:59:19 +0000 2019,29/05/2019 00:59:19,1096808535889989633,675,,http://twitter.com/84_pabloruiz/statuses/1133523176892313600,0
129,"Dicen qu√© para que la cu√±a apriete ha de ser del mismo palo... y perdonen mi sospechosismo, pero ese ""te acuerdas de lo que me ofreciste"" no me gusta nada como suena...

https://t.co/EBLKPNPk9s",Tue May 28 23:59:19 +0000 2019,29/05/2019 00:59:19,103763760,1015,CDMX,http://twitter.com/MikeEnElDivan/statuses/1133523174811942912,0
130,RT @Revolucion3_0: ‚Äú¬øQu√© clase de dictador es AMLO que permite que un periodista lo encare?‚Äù: Tuiteros celebran que el presidente d√© la palabra a Ricardo Rocha https://t.co/lPqiE2obC5,Tue May 28 23:59:18 +0000 2019,29/05/2019 00:59:18,3233134045,72,"Jalisco, M√©xico",http://twitter.com/mg46_miguel/statuses/1133523170026315776,0
131,"RT @alarcondibujos: Se quejan de AMLO, pero hace 10 mil a√±os no dec√≠an nada.",Tue May 28 23:59:08 +0000 2019,29/05/2019 00:59:08,997482208779751427,32,,http://twitter.com/MLeyva12/statuses/1133523130406727680,1
132,"RT @galvanochoa: üî¥AMLO present√≥ al nuevo titular de la Semarnat: V√≠ctor Manuel Toledo Manzur.

‚≠ïÔ∏èNo es pol√≠tico, ni empresario; es un especialista que viene del sector social.

‚≠ïÔ∏èEstudi√≥ Biolog√≠a en la UNAM, donde realiz√≥ estudios superiores.

https://t.co/CGz7tvcCq8 https://t.co/WaFKip47kE",Tue May 28 23:59:08 +0000 2019,29/05/2019 00:59:08,777995051410464768,160,,http://twitter.com/fenrrirreyes/statuses/1133523129064493057,0
133,"RT @Pajaropolitico: En estados donde habr√° elecciones, el @INEMexico suspendi√≥ la transmisi√≥n de las #conferenciasmatutinas de @lopezobrador_ en redes sociales, radio y TV.
https://t.co/eE8JFUFh4r",Tue May 28 23:59:07 +0000 2019,29/05/2019 00:59:07,1096808535889989633,675,,http://twitter.com/84_pabloruiz/statuses/1133523126590087168,0
135,"RT @El_Universal_Mx: ""Tramposamente"" pusieron mi nombre en la cima de la lista de periodistas que recibieron dinero por publicidad durante el sexenio de @EPN, declar√≥ Ricardo Rocha https://t.co/L93i9GAnoj",Tue May 28 23:59:05 +0000 2019,29/05/2019 00:59:05,117880833,679,Quanaxhuato,http://twitter.com/Zacek_Ik/statuses/1133523114967674880,0
138,"RT @ilRafafa: A√∫n sin concluir el mandato de #AMLO ¬øC√≥mo consideras que ser√° recordado?
Si consideras otro, comenta.
@MuySuFrida @cebichincondesa @SimnTolomeo2 @gar_hanna @Asmodaeus666 @Lania_Kea13 @anti_amlo_73 @AlmaMaderoB @FinisimaPersona @SiguemeTsigo32 @pura_sensatez
@anticorrupcion_",Tue May 28 23:59:00 +0000 2019,29/05/2019 00:59:00,42793827,583,,http://twitter.com/Renepredator/statuses/1133523097397727232,0
139,"RT @Luouis009: Ser√° que la derechairiza y ""cr√≠ticos apartidistas"", con tal de llevar la contraria/atacar a #AMLO y a la 4T ¬ødefender√°n a Emilio Lozoya y al director de Altos Hornos de M√©xico?",Tue May 28 23:58:55 +0000 2019,29/05/2019 00:58:55,130053333,135,Monterrey,http://twitter.com/osojup/statuses/1133523073364242432,1
140,RT @_VicenteSerrano: Por m√°s que se critique a @RicardoRocha_MX hay que reconocer que fue a hablarle de frente a @lopezobrador_. No se escondi√≥ a atacar a #AMLO desde su pluma o su programa. Cobardes los @EnriqueKrauze @L√≥pezD√≥riga @FedericoArreola y esos que no madrugan para ir a La Ma√±anera. https://t.co/Hm9qhpLWu5,Tue May 28 23:58:50 +0000 2019,29/05/2019 00:58:50,3233134045,72,"Jalisco, M√©xico",http://twitter.com/mg46_miguel/statuses/1133523052845834241,0
141,"RT @MuySuFrida: Jes√∫s Ram√≠rez Cuevas le miente a AMLO dici√©ndole que hace estos rid√≠culos montajes para mentirle a la gente, la realidad es que lo hace para tener somatizado al peje con alabanzas.
https://t.co/2cy8YYO3C4",Tue May 28 23:58:49 +0000 2019,29/05/2019 00:58:49,81399447,783,Guadalajara Jalisco,http://twitter.com/strom77/statuses/1133523049901371393,0
142,"@Trolmalpagado Es curioso como cuando a este gobierno le anuncian una ca√≠da en sus preferencias, se ponen a trabajar.
AMLO es experto en cortinas de humo.",Tue May 28 23:58:45 +0000 2019,29/05/2019 00:58:45,2878982525,1117,,http://twitter.com/jucanevi/statuses/1133523034420207616,0
143,"RT @MuySuFrida: El pueblo mexica surgi√≥ antes de 1325 durante la migraci√≥n de Aztl√°n al Valle de M√©xico.

La primera Universidad en M√©xico se fund√≥ en 1551. La imprenta se invent√≥ en China hace mil a√±os y lleg√≥ en 1539.

AMLO dice que todo eso pas√≥ hace 10 mil a√±os.

https://t.co/xMYtsdgQRF",Tue May 28 23:58:45 +0000 2019,29/05/2019 00:58:45,304767572,163,mexico,http://twitter.com/juliana1705/statuses/1133523032843137024,1
145,"A√∫n sin concluir el mandato de #AMLO ¬øC√≥mo consideras que ser√° recordado?
Si consideras otro, comenta.
@MuySuFrida @cebichincondesa @SimnTolomeo2 @gar_hanna @Asmodaeus666 @Lania_Kea13 @anti_amlo_73 @AlmaMaderoB @FinisimaPersona @SiguemeTsigo32 @pura_sensatez
@anticorrupcion_",Tue May 28 23:58:43 +0000 2019,29/05/2019 00:58:43,537688076,1794,,http://twitter.com/ilRafafa/statuses/1133523022923481088,0
146,"RT @Erika32516061: Salen a decir los derefachos que la orden de aprehender a Lozoya y Ancira, AMLO las est√° utilizando para legitimar su gobierno.
Se√±ores, en 50 a√±os no ha habido gobierno m√°s leg√≠timo que el de Andr√©s Manuel @lopezobrador_ , el cual se gan√≥ por mayor√≠a aplastante en las urnas.",Tue May 28 23:58:40 +0000 2019,29/05/2019 00:58:40,203220936,183,Mexico,http://twitter.com/alfcer/statuses/1133523011557105666,1
147,"@JLozanoA @lopezobrador_ Como que el tema del tiempo qu√© tard√≥ en titularse AMLO ya est√° muy desgastado.

Aparte de analfabeta funcional, tiene un cerebrito mononeuronal que no le d√° para la creatividad y mucho menos para la ocurrencia.",Tue May 28 23:58:39 +0000 2019,29/05/2019 00:58:39,319299372,630,"Monterrey, Nuevo Le√≥n",http://twitter.com/liliaFloresMon/statuses/1133523009640095744,0
148,"RT @CarlosAMontaner: El ataque del presidente AMLO en M√©xico a la prensa independiente es un mal s√≠ntoma. Especialmente la arremetida contra Enrique Krauze, el editor d Letras Libres, una persona absolutamente honesta. Excelente la entrevista que le hizo Fernando del Ric√≥n a Krauze para CNN.",Tue May 28 23:58:38 +0000 2019,29/05/2019 00:58:38,978251623674859520,485,Bogot√°,http://twitter.com/AlzateLievano/statuses/1133523004762271745,1
149,"RT @Miriam_Junne: Que no les sorprenda leer a los conservadores defendiendo los abusos y la corrupci√≥n de los directivos de Altos Hornos de M√©xico y preocupados por ""la cacer√≠a"" que est√° desatando AMLO.

Maromas, les llaman.",Tue May 28 23:58:33 +0000 2019,29/05/2019 00:58:33,133351608,122,MEXICO_PUEBLA,http://twitter.com/BELCPBUEPUE/statuses/1133522981207126016,1
150,"RT @ferbelaunzaran: A cinco d√≠as de las elecciones üò∂

INE suspende transmisi√≥n de conferencias ma√±aneras de AMLO en redes sociales, radio y TV por elecciones https://t.co/031dRkAmFD v√≠a @pajaropolitico",Tue May 28 23:58:32 +0000 2019,29/05/2019 00:58:32,109722639,140,"Guadalajara, Jalisco",http://twitter.com/emmayss/statuses/1133522980154294272,1
151,"RT @CarlosChaviraTV: RT ¬°√öLTIMA NOTICIA!
AMLO llama a Chabelo y pide subir un video donde afirme que √©l vivi√≥ la llegada del hombre hace 10 mil millones de a√±os.
#NoticiasParodiar https://t.co/lzKuYbPqEl",Tue May 28 23:58:31 +0000 2019,29/05/2019 00:58:31,381880438,86,Mundo del Mundial,http://twitter.com/Joseamtzsuarez/statuses/1133522975565713409,1
152,RT @Milenio: ‚ñ∂ Pasajera compone canci√≥n a AMLO y canta en pleno vuelo https://t.co/fD64m82gOD https://t.co/vT83PfGvKL,Tue May 28 23:58:30 +0000 2019,29/05/2019 00:58:30,84627977,1758,Huaxayacatl,http://twitter.com/Mazelita/statuses/1133522970352074752,0
153,"RT @elisaalanis: Ricardo Rocha aparece en la lista de periodistas que recibieron dinero p√∫blico con Pe√±a Nieto.
Est√° en la #ConferenciaPresidente.
Le indica a AMLO que no sabe por qu√© su gobierno lo est√° tratando as√≠. Y le recuerda cuando le proporcion√≥ su estudio... üëáüèº
https://t.co/FbQxhHgFLS",Tue May 28 23:58:25 +0000 2019,29/05/2019 00:58:25,898737258441736193,25,,http://twitter.com/IrbellyA/statuses/1133522950001311744,0
154,"RT @soyelciudadano2: Ya hay orden d aprehensi√≥n para mexicanos involucrados en caso d Odebrecht. Este gob est√° trabajando bien y sin necesidad de empezar 1 persecuci√≥n como bandera basada en la venganza vs corruptos. AMLO est√° dejando a la justicia trabajar y est√° funcionando!
https://t.co/zO619zaW84",Tue May 28 23:58:23 +0000 2019,29/05/2019 00:58:23,262847158,787,"Puebla, M√©xico",http://twitter.com/pedghuaxin/statuses/1133522941671542784,0
155,"RT @AlejandroMtzMed: AMLO DEJA SIN MEDICINAS A LOS ENFERMOS!!!

Mentira!!! Y lo s√© por que lo estoy viviendo, mi suegro el d√≠a de ayer fue internado en la cl√≠nica del IMSS para una cirug√≠a de c√°ncer de colon, la atenci√≥n inigualable, los medicamentos suficientes

NO a los rumores de p√°nico!!!",Tue May 28 23:58:23 +0000 2019,29/05/2019 00:58:23,867848749128626176,1267,"Toluca, M√©xico",http://twitter.com/HildaMe19019231/statuses/1133522940442664961,0
156,"RT @snte49nayarit: #SNTEunoAuno üë©‚Äçüè´üë®‚Äçüè´

üóì Calendario Escolar 2019-2020 üóì
üëâLogra SNTE ampliar 10 d√≠as tiempo de descanso para maestros üë®‚Äçüíº sin afectar planes y programas de estudioüçéüìö

#BuenMartes M√©xico #AlAire AMLO #VOTAPAREJO #JalifeEnDirecto #cinemex Edomex #HoyEnSixRadio #JalifeEnVivo #Xalapa https://t.co/IvqpAs7Azv",Tue May 28 23:58:21 +0000 2019,29/05/2019 00:58:21,1083540036908285952,26,,http://twitter.com/tepic_xalisco49/statuses/1133522931890442242,1
157,"‚ö°Ô∏èUna cantante sorprendi√≥ a #AMLO en pleno vuelo e interpret√≥ una canci√≥n rumbo a #Tepic.

* M√°s informacion en https://t.co/VZqXOKElBR https://t.co/YquaC6ESRJ",Tue May 28 23:58:21 +0000 2019,29/05/2019 00:58:21,67534523,10029,,http://twitter.com/vikoacevedo/statuses/1133522931542368256,0
158,"RT @chioreya: üò°C√≥mo cree ? Las ma√±aneras son nuestro derecho constitucional al derecho de informarnos,incluso de seguridad nacional, podria considerase,el INE debe de desaparecer ya q est√° demasiado contaminado y viciando, no saben ya como pegarle a AMLO, por la gran aceptaci√≥n q tiene ! https://t.co/oREWQNusPo",Tue May 28 23:58:19 +0000 2019,29/05/2019 00:58:19,90629104,147,M√©xico,http://twitter.com/Lorenzofabio/statuses/1133522924382576640,1
159,"RT @GlodeJo07: Buenos d√≠as desde un pa√≠s que pudo haberlo sido todo, pero decidieron votar por AMLO.",Tue May 28 23:58:19 +0000 2019,29/05/2019 00:58:19,1013406410,12,,http://twitter.com/arriaga_marcela/statuses/1133522922520305664,1
160,"RT @GarcesLaureano: 1- Por instrucciones de Obrador, se descongelan cuentas bancarias. As√≠ no m√°s porque √©l lo dice.

2- Cient√≠ficos del Cinestav no podr√°n viajar al extranjero por razones acad√©micas sin la autorizaci√≥n firmada de AMLO.

Y todav√≠a los pejistas se ofenden si le decimos Monarca.",Thu May 30 23:59:58 +0000 2019,31/05/2019 00:59:58,173647947,211,"Guanajuato - Jalisco, M√©xico.",http://twitter.com/Pablo_Cordova/statuses/1134248114871816192,0
161,"RT @SinlineaMx: üëâHace un a√±o nos dec√≠an que M√©xico pr√°cticamente estar√≠a en la ruina.
¬øQui√∫bo? üòè

https://t.co/XrEGlu56Z3",Thu May 30 23:59:55 +0000 2019,31/05/2019 00:59:55,776122627400146944,201,"Monterrey, Nuevo Le√≥n",http://twitter.com/6297Olde/statuses/1134248103819862016,0
162,"RT @_AlberSan: D√≠ganme si esto no amerita psicoanal√≠sis.
Un cient√≠fico especializado en biolog√≠a cuantitativa, tiene que ir a Chicago. All√° le pagan su hospedaje y √©l se paga su avi√≥n.
Pero le confirmaron que no puede salir del pa√≠s ¬°sin un permiso firmado por AMLO!

https://t.co/JSO2Hma9xx",Thu May 30 23:59:53 +0000 2019,31/05/2019 00:59:53,451588666,79,,http://twitter.com/NezcaPolita/statuses/1134248094969794565,0
164,"AMLO aborda inversi√≥n con Stefano Manservisi, de la Comisi√≥n¬†Europea https://t.co/2Y75PEEVBp",Thu May 30 23:59:52 +0000 2019,31/05/2019 00:59:52,30079695,3926,Mexico DF,http://twitter.com/NetoPeriodista/statuses/1134248089856958465,0
165,AMLO se niega a hablar del caso NXIVM tras se√±alamiento de la hija de Vicente Fox - Vanguardia MX https://t.co/L9UIZvcPsS v√≠a @GoogleNews,Thu May 30 23:59:50 +0000 2019,31/05/2019 00:59:50,330347170,94,Ciudad de M√©xico,http://twitter.com/Tabloideedomex/statuses/1134248081455665152,0
168,"RT @Fafhoo: Ya les importa a donde van los impuestos.

Ya les importa el medio ambiente.

Ya les importa el sistema de salud.

Ya les importan los animales.

Ya les importan las muertes.

Ya les importan los pobres.

Ya marchan y protestan.

AMLO est√° volviendo a la derecha de izquierda.",Thu May 30 23:59:44 +0000 2019,31/05/2019 00:59:44,443418980,37,cd mexico,http://twitter.com/fdz_alarcon/statuses/1134248057514516483,1
169,"RT @IsisG2: #SNTEunoAunoüë©‚Äçüè´üë®‚Äçüè´

üóìCALENDARIO Escolar 2019-2020 üóì#Ent√©rate üëâPeriodos vacacionales‚úîSuspensiones oficiales‚úîConsejos T√©cnicos‚úî

üòØY 10 d√≠as de descanso m√°s a docentes üë®‚Äçüíº un logro #SNTE

#FelizJueves Hoy 30 M√©xico #BuenJueves AMLO #ConferenciaAMLO #Senado #TMEC T-MEC #QPachow https://t.co/9TqkUDQhdr",Thu May 30 23:59:43 +0000 2019,31/05/2019 00:59:43,703662440031121408,272,,http://twitter.com/InterianGonzalo/statuses/1134248052146024448,1
170,"RT @Milenio: ‚ñ∂ VIDEO | Por elecciones, PRD pide a #AMLO aplazar inicio de obras en Dos Bocas https://t.co/Si4odgXyBm https://t.co/79lZIN7DMw",Thu May 30 23:59:40 +0000 2019,31/05/2019 00:59:40,891494879368544256,463,,http://twitter.com/CabreraLotfe/statuses/1134248039479222273,0
171,RT @guruchuirer: AMLO ha frenado el desastre de endeudamiento irracional realizado por el PRIAN de Calder√≥n y Pe√±a Nieto. https://t.co/fuE5f9HwtD,Thu May 30 23:59:35 +0000 2019,31/05/2019 00:59:35,2357153282,147,Guadalajara Jalisco,http://twitter.com/CarlosGerardoRu/statuses/1134248018570559492,1
173,RT @DesireeNavarro: Ojo a todos. Clonaron la cuenta de @dparamooficial NO sigan a @Davidparamomx por favor no se confundan. Esa fue creada por Red Amlo. Su cuenta est√° suspendida por un par de d√≠as porque la denunciaron.,Thu May 30 23:59:33 +0000 2019,31/05/2019 00:59:33,381880438,86,Mundo del Mundial,http://twitter.com/Joseamtzsuarez/statuses/1134248009255018496,0
174,"RT @JucaNoticias: AMLO manda fuerte mensaje y claro a la oposici√≥n por libro BOMBA que se presento en el senado a la legisladora Citlalli Hern√°ndez de morena y hace un llamado a parar la violencia!

Me ayudas compartiendo / RT
Muchas gracias
https://t.co/PLq0afiTgd",Thu May 30 23:59:32 +0000 2019,31/05/2019 00:59:32,1005680100904505345,362,"Sinaloa, M√©xico",http://twitter.com/EloyCampas/statuses/1134248004792279040,1
175,"RT @Milenio: ‚ñ∂ VIDEO | Por elecciones, PRD pide a #AMLO aplazar inicio de obras en Dos Bocas https://t.co/Si4odgXyBm https://t.co/79lZIN7DMw",Thu May 30 23:59:31 +0000 2019,31/05/2019 00:59:31,148545258,21892,M√©xico,http://twitter.com/juarezvero/statuses/1134248002447478784,0
177,"RT @QuesaVerdades: VIDEO NUEVO: Tiembla EUA: ¬°Presidente de Alemania convoca a ayudar a M√©xico, AMLO tiene a Trump de rodillas!

https://t.co/BQMAnwyqSy v√≠a @YouTube",Thu May 30 23:59:28 +0000 2019,31/05/2019 00:59:28,623824331,388,,http://twitter.com/Tinomontiel/statuses/1134247987910238208,0
179,"RT @JucaNoticias: Lozoya embarra a Pe√±a y a muchos altos funcionarios M√ÅS! AMLO se las canta derecha ""Caiga quien Caiga"" Cero impunidad!

Me ayudan compartiendo / RT
Muchas gracias!
https://t.co/8cP7AAC6cC",Thu May 30 23:59:27 +0000 2019,31/05/2019 00:59:27,543580042,311,"Gustavo A. Madero, Distrito Fe",http://twitter.com/HmejiaCarlos/statuses/1134247985221656581,1
180,"RT @hectoralexx: ¬øQui√©nes inspiran ataques brutales como el padecido por la senadora Citlali Hern√°ndez ayer?

(Hilo)

-""A AMLO hay que pararlo por la buena, por la mala o como sea"". Ex canciller foxista Jorge Casta≈àeda, 2004.

-""Hay que parar a ese loco AMLO"" -Martha Sahag√∫n, 2004.",Thu May 30 23:59:23 +0000 2019,31/05/2019 00:59:23,553885930,27,,http://twitter.com/jsgomu/statuses/1134247969878941696,0
182,Agreden a AMLO con huevo en la cabeza https://t.co/oGtgDV3JtK,Thu May 30 23:59:21 +0000 2019,31/05/2019 00:59:21,1088633902728663042,185,Estados Unidos,http://twitter.com/Ernesto44121648/statuses/1134247959317635072,0
183,"RT @aaguirre_g: En Morena est√°n preocupados por el da√±o que @CuitlahuacGJ podr√≠a causar al partido en #Veracruz.

El temor radica en que el da√±o sea irreversible, al grado que ni el propio AMLO pueda solucionarlo.

Detalles, en mi columna para @El_Universal_Mx: https://t.co/tcwKSGrDQS https://t.co/kXtHobZI0O",Thu May 30 23:59:20 +0000 2019,31/05/2019 00:59:20,142018519,552,San Pedro Garza G. N.L. Mexico,http://twitter.com/ricardomeibarra/statuses/1134247956922736641,0
184,"FALTA JAVIER CORRAL A REUNI√ìN CON AMLO. Arrancan gobernadores panistas di√°logos por Gran Acuerdo de la Concordia con @lopezobrador_. Comieron en Palacio Nacional

@Javier_Corral l @diegosinhue l @AispuroDurango @AccionNacional",Thu May 30 23:59:18 +0000 2019,31/05/2019 00:59:18,896659679148822528,3629,,http://twitter.com/LaHogueraMx/statuses/1134247948211146753,0
185,"#Nacional üì£ | Senado dispuesto a avalar documento del T-MEC en tiempo extra

Ent√©rate aqu√≠ ‚û° https://t.co/7klEKYaIvE https://t.co/XQnv8sr85z",Thu May 30 23:59:18 +0000 2019,31/05/2019 00:59:18,596044505,10144,"Le√≥n, Guanajuato",http://twitter.com/soldleon/statuses/1134247947439398917,1
186,"RT @pmigoya: Lo dicho #LaT4Mata a los mexicanos. Los recortes en salud empleados por el presidente de M√©xico, Andr√©s Manuel L√≥pez Obrador, ya cobraron sus primeras v√≠ctimas fatales: 13 beb√©s reci√©n nacidos murieron por falta de suministros https://t.co/ofapZFOjhI #MORENAGobiernaMal",Thu May 30 23:59:17 +0000 2019,31/05/2019 00:59:17,577769812,243,Apodaca Nuevo Leon,http://twitter.com/a312_/statuses/1134247941605068800,0
190,RT @El_Universal_Mx: El presidente Andr√©s Manuel L√≥pez Obrador dijo que su gobierno tiene otros datos y que la econom√≠a est√° muy bien https://t.co/d6njQs6jkN,Thu May 30 23:59:15 +0000 2019,31/05/2019 00:59:15,1957868630,15,,http://twitter.com/AcaCelaya/statuses/1134247934869024769,1
191,RT @AristeguiOnline: AMLO tiene que meter a la c√°rcel a todos los que hayan violado la ley: Labastida | Video https://t.co/f9QgDFZyIr,Thu May 30 23:59:15 +0000 2019,31/05/2019 00:59:15,443418980,37,cd mexico,http://twitter.com/fdz_alarcon/statuses/1134247933379895296,0
192,"RT @aristeguinot: La realidad obligar√° a AMLO a encarcelar a quienes violaron la ley, quiera o no: Labastida https://t.co/SoyTX0OJf0 https://t.co/EzmffDcI08",Thu May 30 23:59:11 +0000 2019,31/05/2019 00:59:11,89540201,39,mexico,http://twitter.com/hvital/statuses/1134247917114363904,0
193,"RT @revistaproceso: AMLO: Ning√∫n problema con Krauze por lo del hampa period√≠stica; ‚Äúestoy seguro que se le olvid√≥‚Äù
https://t.co/ryCASKeSkh",Thu May 30 23:59:11 +0000 2019,31/05/2019 00:59:11,2574137257,188,,http://twitter.com/jrockerlopz/statuses/1134247915902382081,0
195,"RT @Reforma: El Presidente AMLO sostuvo que la econom√≠a de M√©xico va muy bien; ""Nuestros datos nos indican que vamos bien"", asegur√≥. https://t.co/QTC6zWm1VA",Thu May 30 23:59:06 +0000 2019,31/05/2019 00:59:06,908437852815376384,598,CDMX,http://twitter.com/PidalPatricia/statuses/1134247897279750145,1
196,RT @AristeguiOnline: AMLO tiene que meter a la c√°rcel a todos los que hayan violado la ley: Labastida | Video https://t.co/f9QgDFZyIr,Thu May 30 23:59:06 +0000 2019,31/05/2019 00:59:06,785565292034351104,38,,http://twitter.com/rosalbamtzt/statuses/1134247895065026560,0
197,"RT @SinlineaMx: üëâHace un a√±o nos dec√≠an que M√©xico pr√°cticamente estar√≠a en la ruina.
¬øQui√∫bo? üòè

https://t.co/XrEGlu56Z3",Thu May 30 23:59:03 +0000 2019,31/05/2019 00:59:03,3118931101,298,"Los Angeles, CA",http://twitter.com/JavierPony/statuses/1134247884709220352,0
198,"RT @mexrichard: #Opini√≥n de @mexrichard sobre algunas semejanzas entre Echeverr√≠a, L√≥pez Portillo y el presidente Andr√©s Manuel.
Ellos dos son recordados con AMLO.
@El_Universal_Mx, @Reforma, @informador, @Milenio, @MilenioJalisco, @ElFinanciero_Mx, @muralcom.

https://t.co/o4IatQMRc6",Thu May 30 23:59:03 +0000 2019,31/05/2019 00:59:03,142525420,274,,http://twitter.com/polarshafer/statuses/1134247884658860033,0
199,"RT @sopitas: Como dec√≠a mi abuelita: Limosneros y con garrote
https://t.co/LMsUX9utyT",Thu May 30 23:59:01 +0000 2019,31/05/2019 00:59:01,446522191,1288,Isla Dermilin,http://twitter.com/DracoShenryu/statuses/1134247874957664257,0
200,No te pierdas mi √∫ltimo art√≠culo: Seis meses de noticias de AMLO con m√°s menciones en Twitter-primera entrega Diciembre 2018 - Febrero 2019 https://t.co/9TT6Na3Xmx v√≠a @LinkedIn,Thu May 30 23:59:01 +0000 2019,31/05/2019 00:59:01,450700836,2254,Ombligo itinerante,http://twitter.com/EdmundoBerumen/statuses/1134247874026491905,0
201,"@Katsuragui @Guadalu83576215 @jrisco La tal Guadalu es un bot, me ayudas a eliminarlo? S√≥lo se la pasa ofendiendo a AMLO y a su esposa, revisen sus twits",Thu May 30 23:59:00 +0000 2019,31/05/2019 00:59:00,1064987288575320064,408,,http://twitter.com/MillerVg3/statuses/1134247869496664064,0
202,"RT @cesarfaz: Todav√≠a no ganaba AMLO la elecci√≥n y Enrique Krauze ya escrib√≠a en el New York Times sobre el fin de la democracia, el colapso de la rep√∫blica y la instauraci√≥n de un nuevo absolutismo. Vayan a terapia o ret√≠rense en la playa, pero dejen de envenenar a los mexicanos.",Thu May 30 23:58:55 +0000 2019,31/05/2019 00:58:55,543580042,311,"Gustavo A. Madero, Distrito Fe",http://twitter.com/HmejiaCarlos/statuses/1134247849061957632,1
206,C√≥rdova: ma√±aneras de AMLO seguir√°n suspendidas tras elecciones - https://t.co/GtbKDusoxO https://t.co/TxeoAP0Ku0,Thu May 30 23:58:51 +0000 2019,31/05/2019 00:58:51,192022112,37447,"Hermosillo, Sonora",http://twitter.com/ProyectoPuente/statuses/1134247832368476160,0
207,@brozoxmiswebs Que dir√° Amlo?,Thu May 30 23:58:48 +0000 2019,31/05/2019 00:58:48,262666890,214,mexico,http://twitter.com/herdez1977/statuses/1134247821631246336,0
209,"RT @_AlberSan: D√≠ganme si esto no amerita psicoanal√≠sis.
Un cient√≠fico especializado en biolog√≠a cuantitativa, tiene que ir a Chicago. All√° le pagan su hospedaje y √©l se paga su avi√≥n.
Pero le confirmaron que no puede salir del pa√≠s ¬°sin un permiso firmado por AMLO!

https://t.co/JSO2Hma9xx",Thu May 30 23:58:46 +0000 2019,31/05/2019 00:58:46,207309672,268,Mexico,http://twitter.com/freedomMex68/statuses/1134247813519433728,0
210,RT @DesireeNavarro: Ojo a todos. Clonaron la cuenta de @dparamooficial NO sigan a @Davidparamomx por favor no se confundan. Esa fue creada por Red Amlo. Su cuenta est√° suspendida por un par de d√≠as porque la denunciaron.,Thu May 30 23:58:42 +0000 2019,31/05/2019 00:58:42,179269581,870,,http://twitter.com/Juanjo110692/statuses/1134247793940467712,0
211,"RT @GlodeJo07: ¬°Gran diferencia! ¬øNo?

8,867 muertes violentas con Calder√≥n en su primer a√±o Vs 18 mil con AMLO en menos de 6 meses de gobierno.

Aqu√≠ no hay otros datos, presidente, aqu√≠ est√° la realidad, su gobierno no ha podido con el paquete y la ciudadan√≠a lo est√° pagando.",Thu May 30 23:58:41 +0000 2019,31/05/2019 00:58:41,2292234648,838,"Guanajuato, M√©xico",http://twitter.com/chuyorozcom/statuses/1134247793487425536,0
212,"RT @7Snte: #SNTEunoAuno üë©‚Äçüè´üë®‚Äçüè´

üóì Calendario Escolar 2019-2020 üóì
üëâLogra SNTE ampliar 10 d√≠as tiempo de descanso para maestros üë®‚Äçüíº sin afectar planes y programas de estudio üçéüìö

#BuenMartes M√©xico #AlAire AMLO #VOTAPAREJO #JalifeEnDirecto #cinemex Edomex #HoyEnSixRadio #JalifeEnVivo #Xalapa https://t.co/23fp0SYE94",Thu May 30 23:58:41 +0000 2019,31/05/2019 00:58:41,703662440031121408,272,,http://twitter.com/InterianGonzalo/statuses/1134247792367558657,1
213,"RT @Luiss_cruz22: Hoy una amiga me dice.

La verdad ya me arrepent√≠ de votar por AMLO.

Jajajaja tkm amiga.",Thu May 30 23:58:40 +0000 2019,31/05/2019 00:58:40,4779118034,78,"Morelia, Michoac√°n de Ocampo",http://twitter.com/RichardNN93/statuses/1134247789108518912,0
214,"RT @JTrianaT: La oficina personal de AMLO para el B√©isbol con 350 millones de presupuesto este a√±o, pero...

Padres de ni√±os con c√°ncer denuncian que no les est√°n aplicando quimioterapia en el Hospital ‚Äú20 de Noviembre‚Äù debido a recortes y desabasto de medicinas.

https://t.co/FppvdByU9W",Thu May 30 23:58:37 +0000 2019,31/05/2019 00:58:37,781592936240721920,44,,http://twitter.com/Victoria_ss933/statuses/1134247773338046466,0
215,"RT @Omar_Castrejon: #Maduro a ""Jorge Ramos""

""Te vas a tragar con una Coca-Cola tu provocaci√≥n""

Este es el invitado de honor de #AMLO y el √≠dolo de los Noro√±a, Yeidkol, ""Citlalli Hern√°ndez"", Batres, Manuel Toledo y otros pr√≥ceres de la #4T

https://t.co/SC2sz3CTJo",Thu May 30 23:58:36 +0000 2019,31/05/2019 00:58:36,878964997883179013,1798,,http://twitter.com/cockieazul2017/statuses/1134247772033564673,0
216,"RT @hectoralexx: ¬øQui√©nes inspiran ataques brutales como el padecido por la senadora Citlali Hern√°ndez ayer?

(Hilo)

-""A AMLO hay que pararlo por la buena, por la mala o como sea"". Ex canciller foxista Jorge Casta≈àeda, 2004.

-""Hay que parar a ese loco AMLO"" -Martha Sahag√∫n, 2004.",Thu May 30 23:58:33 +0000 2019,31/05/2019 00:58:33,531751668,545,,http://twitter.com/elotroartista/statuses/1134247756879581190,0
217,"RT @cesarfaz: Todav√≠a no ganaba AMLO la elecci√≥n y Enrique Krauze ya escrib√≠a en el New York Times sobre el fin de la democracia, el colapso de la rep√∫blica y la instauraci√≥n de un nuevo absolutismo. Vayan a terapia o ret√≠rense en la playa, pero dejen de envenenar a los mexicanos.",Thu May 30 23:58:30 +0000 2019,31/05/2019 00:58:30,56762742,147,mexico,http://twitter.com/hbmclaren/statuses/1134247745609457665,1
218,"RT @cesarfaz: Todav√≠a no ganaba AMLO la elecci√≥n y Enrique Krauze ya escrib√≠a en el New York Times sobre el fin de la democracia, el colapso de la rep√∫blica y la instauraci√≥n de un nuevo absolutismo. Vayan a terapia o ret√≠rense en la playa, pero dejen de envenenar a los mexicanos.",Thu May 30 23:58:30 +0000 2019,31/05/2019 00:58:30,56762742,147,mexico,http://twitter.com/hbmclaren/statuses/1134247745609457665,1
220,"RT @_AlberSan: D√≠ganme si esto no amerita psicoanal√≠sis.
Un cient√≠fico especializado en biolog√≠a cuantitativa, tiene que ir a Chicago. All√° le pagan su hospedaje y √©l se paga su avi√≥n.
Pero le confirmaron que no puede salir del pa√≠s ¬°sin un permiso firmado por AMLO!

https://t.co/JSO2Hma9xx",Thu May 30 23:58:26 +0000 2019,31/05/2019 00:58:26,113729231,306,Callej√≥n Salsipuedes,http://twitter.com/ocampomario/statuses/1134247727171219457,0
221,"RT @LPOmx: El CEO de Bank of America afirm√≥ que invertir√° en los proyectos de AMLO ""para hacerlos una realidad""

El presidente sostuvo un encuentro con directivos del BofA. El banco ratific√≥ su inter√©s en seguir invirtiendo en el pa√≠s.
https://t.co/fQiLQFg1UK",Thu May 30 23:58:21 +0000 2019,31/05/2019 00:58:21,11182582,3627,Istmo oaxaque√±o y Tlalnepantla,http://twitter.com/koba2105/statuses/1134247708133224448,0
222,"RT @Omar_Castrejon: #Maduro a ""Jorge Ramos""

""Te vas a tragar con una Coca-Cola tu provocaci√≥n""

Este es el invitado de honor de #AMLO y el √≠dolo de los Noro√±a, Yeidkol, ""Citlalli Hern√°ndez"", Batres, Manuel Toledo y otros pr√≥ceres de la #4T

https://t.co/SC2sz3CTJo",Thu May 30 23:58:20 +0000 2019,31/05/2019 00:58:20,16455199,120,,http://twitter.com/lauris1206/statuses/1134247701955076097,0
223,"RT @_AlberSan: D√≠ganme si esto no amerita psicoanal√≠sis.
Un cient√≠fico especializado en biolog√≠a cuantitativa, tiene que ir a Chicago. All√° le pagan su hospedaje y √©l se paga su avi√≥n.
Pero le confirmaron que no puede salir del pa√≠s ¬°sin un permiso firmado por AMLO!

https://t.co/JSO2Hma9xx",Thu May 30 23:58:19 +0000 2019,31/05/2019 00:58:19,119801935,57,Mexico,http://twitter.com/AdrianadeHoyos/statuses/1134247697710571522,0
224,"RT @Miriam_Junne: Bank of America, el segundo banco m√°s grande a nivel mundial, ofrece seguir invirtiendo en M√©xico.
H√≠gados fachos explotando y dando maromas en 3,2,1...

https://t.co/3CiTGIUTtY",Thu May 30 23:58:09 +0000 2019,31/05/2019 00:58:09,241300482,76,"Tonatico, M√©xico",http://twitter.com/cbgm_crito/statuses/1134247655817850880,0
226,@jrisco Lo mejor de todo fue que espero que la no primera dama se descuidara para acosar a nuestro abuelito AMLO üòÇüòÇüòÇ,Thu May 30 23:58:06 +0000 2019,31/05/2019 00:58:06,414496449,60,Abajo de in arbol,http://twitter.com/isaacco03/statuses/1134247643549511681,1
227,"@RodolfoOrtizE @MorenaHidalgoMX @RicardoRalBapt1 @CongresoHidalgo Como que los diputados de morena hacen todo lo contrario que AMLO, o esta es su estrateg√≠a?",Thu May 30 23:58:04 +0000 2019,31/05/2019 00:58:04,907820448951488515,12,,http://twitter.com/Miguelito_Simon/statuses/1134247637346136065,0
230,"RT @QuesaVerdades: VIDEO NUEVO: Tiembla EUA: ¬°Presidente de Alemania convoca a ayudar a M√©xico, AMLO tiene a Trump de rodillas!

https://t.co/BQMAnwyqSy v√≠a @YouTube",Thu May 30 23:57:59 +0000 2019,31/05/2019 00:57:59,1005680100904505345,362,"Sinaloa, M√©xico",http://twitter.com/EloyCampas/statuses/1134247616777281537,0
232,"RT @Megafono_Mx: Desde 2017, AMLO advirti√≥ el caso de corrupci√≥n que se descubri√≥ en Pemex, mientras Ciro G√≥mez Leyva defend√≠a al gobierno de EPN.

El tiempo le dio la raz√≥n al Presidente: el empresario Alonso Ancira ya fue detenido y Emilio Lozoya es buscado por la FGR https://t.co/yHrNBBc0uY",Thu May 30 23:57:56 +0000 2019,31/05/2019 00:57:56,1036932400838782977,39,M√©xico,http://twitter.com/GermanGarciaYG1/statuses/1134247603330138112,0
233,RT @El_Universal_Mx: El presidente Andr√©s Manuel L√≥pez Obrador dijo que su gobierno tiene otros datos y que la econom√≠a est√° muy bien https://t.co/d6njQs6jkN,Thu May 30 23:57:56 +0000 2019,31/05/2019 00:57:56,1075559815986860032,1794,,http://twitter.com/EDUARDO56964877/statuses/1134247602440945664,1
234,"RT @ExpPolitica: Te preguntamos: ¬øqu√© tienen en com√∫n Elba Esther Gordillo, Ra√∫l Salinas y Joaqu√≠n Hern√°ndez Galicia, ‚Äòla Quina‚Äô?

https://t.co/BokylLA063",Thu May 30 23:57:56 +0000 2019,31/05/2019 00:57:56,3166138633,107,CDMX,http://twitter.com/Alexerwa/statuses/1134247601501552640,0
235,No creo que haga algo el ASNO/AMLO @lopezobrador_ le gusta empinarse y bajarse los calzones... Al pocoshuevos y MENTIROSO de cagada... Ya renuncia @lopezobrador_ y ve a chatrpm! https://t.co/qcXMycnjBu,Thu May 30 23:57:53 +0000 2019,31/05/2019 00:57:53,2787011316,71,"Quer√©taro, Quer√©taro Arteaga",http://twitter.com/javmenquin/statuses/1134247592370626560,0
236,"Pues yo no veo mucha diferencia entre AMLO y Donald Trump:
- No saben de historia
- No saben absolutamente nada de los derechos humanos
-Odian a las mujeres
-Puro idiota los apoya",Thu May 30 23:57:53 +0000 2019,31/05/2019 00:57:53,325866946,745,,http://twitter.com/fridagares/statuses/1134247590021685249,1
238,"RT @News_Stefano: @ferbelaunzaran @lopezobrador_ En tu mundo de fantas√≠a ya todos se arrepintieron de votar por amlo, pero en la realidad su popularidad crece incluso entre los que no votamos por el. https://t.co/ZtzRrjPBle",Thu May 30 23:57:50 +0000 2019,31/05/2019 00:57:50,913369948881326080,693,Arkham,http://twitter.com/JessAbr91238037/statuses/1134247578344800256,0
239,@GenPenaloza @realDonaldTrump Los aumentos de aranceles de importaci√≥n los terminar√° pagando el √∫ltimo en la cadena o sea el usuario....AMLO de tilde izquierdista no le preocupa mucho una prospera econom√≠a,Thu May 30 23:57:48 +0000 2019,31/05/2019 00:57:48,228651889,231,tierra,http://twitter.com/Robin_H/statuses/1134247569092206593,0
241,¬°AYUDEN A DIFUNDIR! PRI COMPRA VOTOS CON PROGRAMAS SOCIALES DE AMLO https://t.co/nYQKP9Qung v√≠a @YouTube,Thu May 30 23:57:44 +0000 2019,31/05/2019 00:57:44,88358655,74,,http://twitter.com/pikito11/statuses/1134247553048834048,1
242,RT @Kaizzer: David Paramo: PINCHE AMLO HDTPM ESTOY MAMADISIMO https://t.co/mfOSloWx2Z,Thu May 30 23:57:42 +0000 2019,31/05/2019 00:57:42,88077328,72,M√©xico,http://twitter.com/chevo79/statuses/1134247545503408129,0
243,"RT @Omar_Castrejon: #Maduro a ""Jorge Ramos""

""Te vas a tragar con una Coca-Cola tu provocaci√≥n""

Este es el invitado de honor de #AMLO y el √≠dolo de los Noro√±a, Yeidkol, ""Citlalli Hern√°ndez"", Batres, Manuel Toledo y otros pr√≥ceres de la #4T

https://t.co/SC2sz3CTJo",Thu May 30 23:57:41 +0000 2019,31/05/2019 00:57:41,309272410,116,üìç MX | Puebla - CDMX,http://twitter.com/ElDemoledorFiFi/statuses/1134247540176621569,0
244,RT @ExpPolitica: Esta es la 'triste' historia de la oposici√≥n en tiempos de la #4T üòì https://t.co/5EY1GqogGj,Thu May 30 23:57:41 +0000 2019,31/05/2019 00:57:41,94006439,382,M√©xico,http://twitter.com/yoidivision/statuses/1134247539232956417,1
245,"@LupitaJuarezH Jajaja, a ver qu√© hace AMLO con la actitud que est√° tomando USA",Thu May 30 23:57:40 +0000 2019,31/05/2019 00:57:40,1113930909219282947,81,"Ciudad de M√©xico, M√©xico.",http://twitter.com/coyoc_luis/statuses/1134247536074452992,0
246,"RT @RamonFelVal: La Resoluci√≥n del INAI fue atendida por siete √°reas que dependen de la Oficina de la Presidencia. Lo √∫nico que pudieron encontrar, fue una nota period√≠stica de internet donde AMLO habla de PROBEIS...

SIETE dependencias de la Presidencia pudieron encontrar una nota en internet.",Thu May 30 23:57:39 +0000 2019,31/05/2019 00:57:39,636446465,634,,http://twitter.com/adelinaced/statuses/1134247531901329409,1
248,"AMLO corta presupuesto a museos, adi√≥s a exposiciones internacionales https://t.co/tkZYkgu1jH",Thu May 30 23:57:38 +0000 2019,31/05/2019 00:57:38,495201744,140,"Le√≥n, Guanajuato",http://twitter.com/AromasLeon/statuses/1134247527874793477,0
250,"@sadim1opez Lamentablemente muchos s√≥lo ven una mujer hermosa cerca de Amlo y no lo que realmente es, se dejan llevar por un twit mal intencionado y hacen qu√≥rum a un sin f√≠n de insultos. Ella es una persona preparada e inteligente a la cual le debemos respeto.",Thu May 30 23:57:37 +0000 2019,31/05/2019 00:57:37,148458132,6453,Distrito Federal,http://twitter.com/L_Boop/statuses/1134247524582264832,0
251,Tengo ganas de ir a un antro a ponerme como estudiante con la beca de AMLO,Thu May 30 23:57:35 +0000 2019,31/05/2019 00:57:35,738249343,465,"Hermosillo, Sonora",http://twitter.com/AngelOrozco69/statuses/1134247516344651777,0
252,"@ActualidadRT mexicanos TODOS APOYEN A AMLO no lo dejen solo., Unidos Triunfaran y es posible que recu√±eren sus Terrenls Usurpados por los maleantes del norte ¬°¬°¬°¬° PUEBLO LUCHADOR JAMAS SERA SERA VENCIDO !!!!! Lo dice un Colombiano que les quiere",Thu May 30 23:57:34 +0000 2019,31/05/2019 00:57:34,3152973844,134,"Risaralda, Colombia",http://twitter.com/jovisacu31/statuses/1134247509004554241,1
253,RT @galvanochoa: Bank of America ofrece invertir en M√©xico; AMLO presume confianza https://t.co/DQOETSPb51,Thu May 30 23:57:30 +0000 2019,31/05/2019 00:57:30,2685579046,207,,http://twitter.com/jcoh4/statuses/1134247495352143876,0
254,"RT @JTrianaT: La oficina personal de AMLO para el B√©isbol con 350 millones de presupuesto este a√±o, pero...

Padres de ni√±os con c√°ncer denuncian que no les est√°n aplicando quimioterapia en el Hospital ‚Äú20 de Noviembre‚Äù debido a recortes y desabasto de medicinas.

https://t.co/FppvdByU9W",Thu May 30 23:57:28 +0000 2019,31/05/2019 00:57:28,103319994,654,Mexico,http://twitter.com/kathiavenegas/statuses/1134247486569107456,0
255,"RT @_AlberSan: D√≠ganme si esto no amerita psicoanal√≠sis.
Un cient√≠fico especializado en biolog√≠a cuantitativa, tiene que ir a Chicago. All√° le pagan su hospedaje y √©l se paga su avi√≥n.
Pero le confirmaron que no puede salir del pa√≠s ¬°sin un permiso firmado por AMLO!

https://t.co/JSO2Hma9xx",Thu May 30 23:57:28 +0000 2019,31/05/2019 00:57:28,3176683374,77,,http://twitter.com/avenagalleta/statuses/1134247485239488512,0
256,"La verdad no me extra√±a que un presidente mediocre (#AMLO), tenga puros seguidores mediocres.

¬°UPSI! ü§≠üòÇ",Thu May 30 23:57:28 +0000 2019,31/05/2019 00:57:28,386308306,1870,M√©xico,http://twitter.com/Real_Liam_Pauu/statuses/1134247484694380545,0
257,@EnTlalpan @BeatrizGMuller Ese AMLO es un loquillo... el problema para la sra del presidente es que √©l presume que a√∫n batea a 300 jajajaja jajajajaja... esos de @EnTlalpan ya si√©ntese sra,Thu May 30 23:57:27 +0000 2019,31/05/2019 00:57:27,89540201,39,mexico,http://twitter.com/hvital/statuses/1134247482131566593,0
258,@FelixSalMac Amlo Traidoralapatria,Fri May 31 23:59:53 +0000 2019,01/06/2019 00:59:53,1606153904,113,,http://twitter.com/salranpal/statuses/1134610480310444033,0
261,"RT @johnerencastle1: La √∫nica oposici√≥n en el mundo que ha quedado minimizada por ser l√©pera, vulgar, mezquina, analfabeta, acomplejada, y rid√≠cula; es la de M√©xico! Millones de mexicanos inteligentes, patriotas y trabajadores decimos al presidente: #AMLOEstamosContigo VIVA AMLO! https://t.co/AJKOJbdBcX",Fri May 31 23:59:51 +0000 2019,01/06/2019 00:59:51,126965736,2090,"SLP, MEXICO",http://twitter.com/LuisEchavarri01/statuses/1134610472085233669,1
263,"RT @tumbaburross: El argumento chairo por excelencia es que Calder√≥n desat√≥ una ""guerra"" que llen√≥ a M√©xico de muertos.

Curioso es que ahora que AMLO termin√≥ la ""guerra"" y desat√≥ la ""paz"" hay m√°s muertos, el inicio de gobierno m√°s violento de LA HISTORIA DE MEXICO.",Fri May 31 23:59:48 +0000 2019,01/06/2019 00:59:48,115997067,475,Chilangolandia y Pachus,http://twitter.com/pp_ortega/statuses/1134610462312730624,0
264,"@Mauricio_35m @lopezobrador_ Mauricio, tu ya tienes un presidente y no es #AMLO, ya que vives en #Texas, eres de esos que se creen gringos siendo de ascendencia mexicana y todav√≠a hay quien te compre tus opiniones, #DePenaAjena",Fri May 31 23:59:47 +0000 2019,01/06/2019 00:59:47,178214644,4267,,http://twitter.com/spaintyna/statuses/1134610457166303232,0
265,"RT @elgatopolitico_: Carlos Slim brinda su apoyo a AMLO y llama a mexicanos que viven fuera y dentro del pa√≠s a unirse y cerrar filas.

#AMLOEstamosContigo

https://t.co/fTtXGleEOi",Fri May 31 23:59:46 +0000 2019,01/06/2019 00:59:46,126965736,2090,"SLP, MEXICO",http://twitter.com/LuisEchavarri01/statuses/1134610450975379456,1
266,"Gobernadores, Carlos Slim, CCE, Coparmex y pol√≠ticos respaldan a AMLO y le piden firmeza ante EU. https://t.co/zRClBnNgf2",Fri May 31 23:59:44 +0000 2019,01/06/2019 00:59:44,84421088,2224,"Canc√∫n, Quintana Roo",http://twitter.com/ATC_HH/statuses/1134610444906311681,1
267,"@Claudiashein lo dicho, en vez de estar echandole porras al amlo, deberias atender esta inseguridad: me acaban de robar mi bici que con tanto trabajo compre y ni una patrulla cercay los botones de panico no sirven, de verdad que coraje que esto pase cuando prometieron un cambioüò°",Fri May 31 23:59:40 +0000 2019,01/06/2019 00:59:40,1977466872,47,"Miguel Hidalgo, Distrito Feder",http://twitter.com/suciomarioguapo/statuses/1134610428082892800,0
268,"Grave denuncia de presidente del Congreso de BC involucra a altos funcionarios de AMLO en proceso electoral
https://t.co/2P3xJi2KJT https://t.co/xyBLetl0Di",Fri May 31 23:59:39 +0000 2019,01/06/2019 00:59:39,2573311302,28,"Mexicali, Baja California",http://twitter.com/sergioagorabc/statuses/1134610424127557633,0
269,"üìπ Carmelita Salinas exige a @lopezobrador_ medicina para las personas con ‚ÄòVHS‚Äô...

¬øT√∫ tienes VHS? üòÇüòÖ https://t.co/ssAF3XyJDP https://t.co/uRzRluxKKn",Fri May 31 23:59:39 +0000 2019,01/06/2019 00:59:39,2826319492,33538,"M√©xico, DF",http://twitter.com/ElBigDataMx/statuses/1134610423997771776,0
270,Pueblos y colonias se quedan sin obra p√∫blica; AMLO calumnia a las organizaciones que protestan ‚Ä¢ Movimiento Antorchista Nacional https://t.co/upp9ulFU0t,Fri May 31 23:59:38 +0000 2019,01/06/2019 00:59:38,1857821058,91,,http://twitter.com/pabloam2013/statuses/1134610419878748160,1
273,@LuciaGo11490717 @lopezobrador_ Vi a amlo..siempre con AMLO,Fri May 31 23:59:30 +0000 2019,01/06/2019 00:59:30,565806024,1865,M√©xico,http://twitter.com/forozcolg/statuses/1134610383057145856,0
274,"Miente AMLO
Los Antorchistas no somos intermediarios, basta de tantas falsedades y calumnias. https://t.co/LLj0V6uBUn",Fri May 31 23:59:29 +0000 2019,01/06/2019 00:59:29,4204680346,158,,http://twitter.com/jarrillagasoto/statuses/1134610380448325633,0
276,"@ferbelaunzaran Veo que rating en twitter sube cuando criticas y atacas al presidente AMLO solo as√≠ logras llamar la atenci√≥n, de otra manera pasar√≠as desapercibido.",Fri May 31 23:59:28 +0000 2019,01/06/2019 00:59:28,132623708,1986,CHIMALHUACAN Me‚ò≠ico,http://twitter.com/ioseandoni/statuses/1134610377231208448,1
277,"RT @DoliaEstevez: Cierran filas en torno a embestida: ""Gobernadores, Carlos Slim, CCE, Coparmex y pol√≠ticos respaldan a AMLO y le piden firmeza ante EU"", v√≠a @SinEmbargoMx https://t.co/F2cFtXNVK8",Fri May 31 23:59:28 +0000 2019,01/06/2019 00:59:28,814715868194177024,113,,http://twitter.com/MarioLe00680558/statuses/1134610375855525888,0
279,"@Karlaortiz78 @PabloMtzDelCam1 @m_ebrard Es correcto generalizar cuando se refiere al 80% de la poblaci√≥n que qpota, otro 7% indeciso y s√≥lo 13% en desacuerdo con AMLO.
Aunque usted representa minor√≠a, es muy v√°lida su opini√≥n",Fri May 31 23:59:25 +0000 2019,01/06/2019 00:59:25,163457713,208,Ciudad de M√©xico,http://twitter.com/Vision_ciudad/statuses/1134610362400223232,0
281,"RT @ibanez_2014: @VerAntorcha @lopezobrador_ Miente AMLO
Los Antorchistas no somos intermediarios, basta de tantas falsedades . P√≥ngase a trabajar en vez de andar como un demagogo.",Fri May 31 23:59:16 +0000 2019,01/06/2019 00:59:16,1093031327916527616,37,,http://twitter.com/Josermz85/statuses/1134610328191492096,0
284,"RT @bbcmundo: ¬øPor qu√© AMLO no viaja? El presidente de M√©xico todav√≠a no decide si asistir√° a la Cumbre del G20, considerado el principal foro para la cooperaci√≥n econ√≥mica, financiera y pol√≠tica entre los pa√≠ses m√°s poderosos. https://t.co/6FvG29EnTQ",Fri May 31 23:59:08 +0000 2019,01/06/2019 00:59:08,1119463255196356609,40,Ecuador,http://twitter.com/SelenaMontoya0/statuses/1134610291935891457,0
285,"@RodoFierro los fachos, fifis, chayoteros y wannabefif√≠s s√≥lo saben estar en contra. Si AMLO hubiera sido agresivo, se habr√≠an asustado; si hubiera sido d√©bil, reclamar√≠an falta de fuerza; y como la respuesta fue digna y honorable, no saben qu√© hacer porque desconocen esas cualidades",Fri May 31 23:59:07 +0000 2019,01/06/2019 00:59:07,586667890,376,cdmx,http://twitter.com/AlMirRey/statuses/1134610288345591808,1
286,"Narcotr√°fico y lavado de dinero, latentes en el gobierno de AMLO https://t.co/B3ogGpX8JY",Fri May 31 23:59:06 +0000 2019,01/06/2019 00:59:06,28608099,48400,M√©xico,http://twitter.com/contralinea/statuses/1134610285866770432,0
287,Gracias pejezombis https://t.co/NOMGl36yAL,Fri May 31 23:59:03 +0000 2019,01/06/2019 00:59:03,192420790,125,Monterrey N.L.,http://twitter.com/bdmarnav/statuses/1134610271643885569,1
288,"RT @GarcesLaureano: Trump ya le agarr√≥ la medida a Obrador.

Trump sabe imponerse y medir el panorama. Con Pe√±a Nieto no pudo, porque Pe√±a si le respond√≠a y se le puso al t√∫ por t√∫. Por eso negociaron.

Pero Trump al ver que AMLO no responde a los chingadazos, ya lo va a agarrar de su mensito.",Fri May 31 23:59:03 +0000 2019,01/06/2019 00:59:03,45300934,574,,http://twitter.com/asegom/statuses/1134610271228444673,1
290,"‚ÄúEnfrentemos juntos esta situaci√≥n. Es el llamado que hago a todos los mexicanos. A quienes estamos en el pa√≠s como a los que viven y trabajan en Estados Unidos, a cerrar filas. Primero los mexicanos‚Äù Amlo

#AMLOEstamosContigo https://t.co/WFMkiJa8Uc",Fri May 31 23:58:59 +0000 2019,01/06/2019 00:58:59,2389842271,962,En El Corazon del Pueblo,http://twitter.com/Frases_De_AMLO/statuses/1134610253235011589,1
291,"RT @johnerencastle1: Hac√≠a mucho tiempo que no me sent√≠a tan empoderado y apoyado por mi Presidente. Creo tambi√©n que millones de mexicanos nos sentimos as√≠, pero adem√°s los pueblos de toda Am√©rica. AMLO ser√° el l√≠der que liberar√° al mundo de Trump!#AMLOEstamosContigo https://t.co/uLL0RbSpN5",Fri May 31 23:58:58 +0000 2019,01/06/2019 00:58:58,126965736,2090,"SLP, MEXICO",http://twitter.com/LuisEchavarri01/statuses/1134610251754364928,1
292,"RT @QuesaVerdades: VIDEO NUEVO: Tiembla EUA: ¬°Presidente de Alemania convoca a ayudar a M√©xico, AMLO tiene a Trump de rodillas!

https://t.co/BQMAnwyqSy v√≠a @YouTube",Fri May 31 23:58:56 +0000 2019,01/06/2019 00:58:56,866771923128246272,798,,http://twitter.com/Elizabe38038750/statuses/1134610243273363457,0
293,"@MaraDeJessMend3 la corrupci√≥n en M√©xico es enorme, sus tent√°culos est√°n por doquier, niveles altos, bajos, es una aberrante realidad, funcionarios rob√°ban a manos llenas, y servidores p√∫blicos corrompiendo a la ciudadan√≠a; v√≠vimos un parteaguas en la historia de M√©xico, somos millones con AMLO!",Fri May 31 23:58:54 +0000 2019,01/06/2019 00:58:54,1118283869730504704,1055,,http://twitter.com/newmetal732/statuses/1134610235220549635,1
294,"RT @hectordflores: @CASTANEDAVICTOR @JLozanoA @lopezobrador_ M√°s bien es un texto rid√≠culo: tratar de evangelizar a Trump con citas hist√≥ricas imprecisas, sin ninguna coherencia con el tema central.

No, a Trump se le debe hacer pol√≠tica fuerte, dura y en su propio pa√≠s. Ah√≠ est√°n los aliados. Pero a AMLO no le da.",Fri May 31 23:58:53 +0000 2019,01/06/2019 00:58:53,133380815,496,"Campeche, M√©xico",http://twitter.com/JoseEduardoEC/statuses/1134610229558222850,0
295,"RT @elgatopolitico_: ¬øQu√© AMLO no tiene ü•öü•ö? Ni Putin, ni Xi Jinping le han dicho algo as√≠ al presidente de los EE.UU.

#AMLOEstamosContigo üëèüëè https://t.co/gdQ8eeWuUi",Fri May 31 23:58:51 +0000 2019,01/06/2019 00:58:51,126965736,2090,"SLP, MEXICO",http://twitter.com/LuisEchavarri01/statuses/1134610222113120256,0
296,"RT @epigmenioibarra: Pido a todos los mexicanos en el pa√≠s y tambi√©n en EU mantenerse unidos y cerrar filas: AMLO.
@AristeguiOnline
https://t.co/BHtPRlQRlM",Fri May 31 23:58:51 +0000 2019,01/06/2019 00:58:51,2514009446,82,,http://twitter.com/betoestudillo61/statuses/1134610221932957696,0
297,"RT @rodriguezmonos: ""Carta al Psic√≥pata""
#CartaAMLO #AMLO @realDonaldTrump #aranceles #SRE https://t.co/smACeQwmGM",Fri May 31 23:58:50 +0000 2019,01/06/2019 00:58:50,14219818,603,,http://twitter.com/rsalinasg/statuses/1134610218543931392,0
298,RT @JorgeGCastaneda: Carta de amlo a trump parece respuesta de miss universo: estoy a favor de la paz mundial.,Fri May 31 23:58:45 +0000 2019,01/06/2019 00:58:45,2581137650,103,,http://twitter.com/rhuerdo/statuses/1134610194711711744,0
300,"RT @epigmenioibarra: Pido a todos los mexicanos en el pa√≠s y tambi√©n en EU mantenerse unidos y cerrar filas: AMLO.
@AristeguiOnline
https://t.co/BHtPRlQRlM",Fri May 31 23:58:40 +0000 2019,01/06/2019 00:58:40,990732269764726784,202,"Ju√°rez, Chihuahua",http://twitter.com/JAlejandroRamr3/statuses/1134610174805782528,0
301,"Aqu√≠ en mi cuenta de TW tengo anti AMLO pro AMLO y neutrales, y no por eso me enojan sus opiniones. #NoMeEngancho https://t.co/jPuT60oTOo",Fri May 31 23:58:40 +0000 2019,01/06/2019 00:58:40,167244651,515,"M√©xico, D.F.",http://twitter.com/Yo_Boss_/statuses/1134610173287251968,1
302,"RT @cesarfaz: Carlos Slim apoya a AMLO.

El rector ITAM tambi√©n. .

Jos√© Antonio Meade llam√≥ a la unidad.

Enrique Krauze pide guerra con Trump.

Jorge Casta√±eda hace chistes de Miss Universo.

El G√ºero a lo suyo.",Fri May 31 23:58:39 +0000 2019,01/06/2019 00:58:39,956692401829105665,62,,http://twitter.com/francis29543401/statuses/1134610172998049792,0
303,"RT @cesarfaz: Carlos Slim apoya a AMLO.

El rector ITAM tambi√©n. .

Jos√© Antonio Meade llam√≥ a la unidad.

Enrique Krauze pide guerra con Trump.

Jorge Casta√±eda hace chistes de Miss Universo.

El G√ºero a lo suyo.",Fri May 31 23:58:38 +0000 2019,01/06/2019 00:58:38,113254657,80,DF,http://twitter.com/IvanDNM/statuses/1134610167851618305,0
304,RT @brozoxmiswebs: La carta de AMLO a Trump en El Debatitl√°n 105.3FM si quieren ech√°rselo COMPLETO p√∫chenle aqu√≠-&gt; https://t.co/94WckwMGdU https://t.co/nGMOcng1Ky,Fri May 31 23:58:35 +0000 2019,01/06/2019 00:58:35,2279533844,28,,http://twitter.com/hernnd_gmez/statuses/1134610155461644288,0
305,"RT @GlodeJo07: Cuando se trata de Trump, AMLO se achica, ‚Äúrespeta‚Äù, divaga, evade, ah pero que no se trate de alguien que opine diferente a √©l porque se pone a inventarle apodos, azuza a la gente en su contra, lo ataca y hasta habla m√°s r√°pido.
No tenemos presidente, eso queda claro.",Fri May 31 23:58:33 +0000 2019,01/06/2019 00:58:33,103345644,602,Reynosa,http://twitter.com/miguelg1965/statuses/1134610147400179717,0
306,RT @Reporte_Indigo: AMLO se reuni√≥ con los soldados que fueron desarmados y agredidos por pobladores de Michoac√°n y reconoci√≥ el temple que tuvieron al actuar https://t.co/ZQ2IHPc3n6,Fri May 31 23:58:32 +0000 2019,01/06/2019 00:58:32,59878546,426,Guanajuato MEXICO,http://twitter.com/ericksanrob/statuses/1134610139804184576,1
307,"RT @elgatopolitico_: Carlos Slim brinda su apoyo a AMLO y llama a mexicanos que viven fuera y dentro del pa√≠s a unirse y cerrar filas.

#AMLOEstamosContigo

https://t.co/fTtXGleEOi",Fri May 31 23:58:31 +0000 2019,01/06/2019 00:58:31,1045628560642387969,76,M√©xico,http://twitter.com/DagoRod81338900/statuses/1134610138999009280,1
308,"RT @_AlberSan: D√≠ganme si esto no amerita psicoanal√≠sis.
Un cient√≠fico especializado en biolog√≠a cuantitativa, tiene que ir a Chicago. All√° le pagan su hospedaje y √©l se paga su avi√≥n.
Pero le confirmaron que no puede salir del pa√≠s ¬°sin un permiso firmado por AMLO!

https://t.co/JSO2Hma9xx",Fri May 31 23:58:31 +0000 2019,01/06/2019 00:58:31,65979685,462,"Guanajuato, M√©xico",http://twitter.com/LiliaDonato/statuses/1134610136415330304,0
309,"RT @marianagc: Pues resulta que fue SEMBRADA la se√±ora que le canta en el avi√≥n a AMLO.
‚ÄúCasualmente‚Äù le ha cantado en otros momentos.

¬°Qu√© üêª! üëáüèºüëáüèºüëáüèº

https://t.co/UfJNr8jBQ2",Fri May 31 23:58:30 +0000 2019,01/06/2019 00:58:30,145356858,71,MEXICO,http://twitter.com/JAVIERBETTINGER/statuses/1134610134213304325,0
310,"La carta de AMLO a TRUMP:
No solo es insulsa, sino que no llega a nada. Ni propone soluciones, ni ofrece propuestas.",Fri May 31 23:58:30 +0000 2019,01/06/2019 00:58:30,287446406,1248,Ciudad de Mexico.,http://twitter.com/EVIARAM/statuses/1134610133030490112,1
311,"RT @tumbaburross: El argumento chairo por excelencia es que Calder√≥n desat√≥ una ""guerra"" que llen√≥ a M√©xico de muertos.

Curioso es que ahora que AMLO termin√≥ la ""guerra"" y desat√≥ la ""paz"" hay m√°s muertos, el inicio de gobierno m√°s violento de LA HISTORIA DE MEXICO.",Fri May 31 23:58:28 +0000 2019,01/06/2019 00:58:28,311826315,65,,http://twitter.com/tellez40/statuses/1134610124620931072,0
313,RT @Reporte_Indigo: AMLO se reuni√≥ con los soldados que fueron desarmados y agredidos por pobladores de Michoac√°n y reconoci√≥ el temple que tuvieron al actuar https://t.co/ZQ2IHPc3n6,Fri May 31 23:58:22 +0000 2019,01/06/2019 00:58:22,51953489,1346,DF,http://twitter.com/nyck_77/statuses/1134610098792218625,1
314,"RT @Viri_Rios: La carta de AMLO est√° escrita para sus votantes, no para Trump.

Las tarifas de Trump tambi√©n.

La diferencia es que si Trump implementa sus tarifas, üá∫üá∏ pierde. Mientras que AMLO puede hacer lo que dice su carta y dejar a üá≤üáΩ bien parado.",Fri May 31 23:58:20 +0000 2019,01/06/2019 00:58:20,118201798,104,,http://twitter.com/fronkonsteen/statuses/1134610092110823426,1
317,"RT @jgnaredo: Emilio Lozoya es hijo de Emilio Lozoya Thalmann, director del @ISSSTE_mx y secretario de energ√≠a con Salinas de Gortari.

Lozoya Austin estudi√≥ en EU y labor√≥ ah√≠ en organismos econ√≥micos : aprendi√≥ tranzas para aplicarlas en M√©xico.

Pens√≥ que ser√≠a intocable.

Con AMLO no.",Fri May 31 23:58:14 +0000 2019,01/06/2019 00:58:14,744016519047356416,54,,http://twitter.com/Tay_Yhing/statuses/1134610066231975942,0
318,"RT @cinthiaedithcm: Esto es muy natural, por que los gatos son los enemigos naturales de las ratas y por lo tanto, no van bien con el actual gobierno...
-
https://t.co/6VKusyIMU3",Fri May 31 23:58:14 +0000 2019,01/06/2019 00:58:14,827948985503485953,57,"Tlalpan, Distrito Federal",http://twitter.com/rafael_rudel/statuses/1134610065325867008,0
319,"RT @cinthiaedithcm: Esto es muy natural, por que los gatos son los enemigos naturales de las ratas y por lo tanto, no van bien con el actual gobierno...
-
https://t.co/6VKusyIMU3",Fri May 31 23:58:14 +0000 2019,01/06/2019 00:58:14,827948985503485953,57,"Tlalpan, Distrito Federal",http://twitter.com/rafael_rudel/statuses/1134610065325867008,0
320,"RT @qtf: En el 2018, AMLO advirti√≥ a Trump que le contestar√≠a sus amenazas en redes de Facebook y Twitter, y que, afirm√≥, √©l no usar√≠a al canciller.
(VIDEO Milenio)
¬øY luego?
FernandaF https://t.co/ZdJmrEkGZ6",Fri May 31 23:58:11 +0000 2019,01/06/2019 00:58:11,1010617588521619456,40,,http://twitter.com/raulLiconarami1/statuses/1134610052520849408,0
321,@lopezdoriga Con el amlo,Fri May 31 23:58:09 +0000 2019,01/06/2019 00:58:09,927714145,21,"Nuevo Le√≥n, M√©xico",http://twitter.com/walterink/statuses/1134610044727644160,1
324,"RT @tumbaburross: El argumento chairo por excelencia es que Calder√≥n desat√≥ una ""guerra"" que llen√≥ a M√©xico de muertos.

Curioso es que ahora que AMLO termin√≥ la ""guerra"" y desat√≥ la ""paz"" hay m√°s muertos, el inicio de gobierno m√°s violento de LA HISTORIA DE MEXICO.",Fri May 31 23:58:06 +0000 2019,01/06/2019 00:58:06,228100143,108,M√©xico D.F.,http://twitter.com/Juan_Tenopala/statuses/1134610034791313409,0
327,"Desaf√≠an 58 estancias infantiles recortes de AMLO | El Popular, diario imparcial de Puebla https://t.co/zjX9gUqDft",Fri May 31 23:58:03 +0000 2019,01/06/2019 00:58:03,216077299,18,,http://twitter.com/bradpop0101/statuses/1134610020488929285,0
329,"RT @El_Universal_Mx: ‚ÄúPor instrucciones del Sr. Presidente de la Rep√∫blica, Lic. Andr√©s Manuel L√≥pez Obrador, le informo que las peticiones en comento [para salir del pa√≠s] NO FUERON AUTORIZADAS‚Äù, se lee en el oficio que hicieron llegar a la directora de @Conacyt_MX https://t.co/O9aJZD1nlZ",Fri May 31 23:57:58 +0000 2019,01/06/2019 00:57:58,1036004020375060481,87,"Papantla, Veracruz de Ignacio",http://twitter.com/Gabrahamcs/statuses/1134610001262129152,1
330,"RT @qtf: Presidente, usted atenta contra la libertad de los mexicanos, de una u otra forma ‚Å¶@lopezobrador_‚Å©
¬øPorqu√© esta medida arbitraria?
FernandaF

Cient√≠ficos deber√°n pedir permiso a AMLO para viajar al extranjero.
‚Å¶@Pajaropolitico‚Å© https://t.co/wh7M08P8bs",Fri May 31 23:57:58 +0000 2019,01/06/2019 00:57:58,1559080878,286,GDL,http://twitter.com/FernR68/statuses/1134609999576031232,0
331,"Todo el apoyo a mi presidente AMLO en el caso de los aranceles y el problema con los Estados Unidos. Solo los cobardes y vende patrias como Calder√≥n, y el Trompudo de Lozano podr√≠an en su mezquindad querer sacar Raja pol√≠tica de la situaci√≥n.",Fri May 31 23:57:57 +0000 2019,01/06/2019 00:57:57,972146163192291328,2670,"Sinaloa, M√©xico",http://twitter.com/Loreto24940925/statuses/1134609993477611522,1
332,RT @eldeforma: Trump contrata a migrante ilegal para que le traduzca la carta de AMLO https://t.co/5VX82nEHPn,Fri May 31 23:57:51 +0000 2019,01/06/2019 00:57:51,182667144,53,Culiac√°n,http://twitter.com/edmarmota/statuses/1134609968122826752,0
333,"Encuentra las 10,000 diferencias .... no me arroben. #AMLO https://t.co/75IfWqFPCb",Fri May 31 23:57:49 +0000 2019,01/06/2019 00:57:49,63848564,339,El Llano en Llamas,http://twitter.com/iambeto_/statuses/1134609961873543168,0
334,"RT @abrahamendieta: Ahora resulta que los m√°s lambiscones son los que quieren que AMLO le declare pr√°cticamente la guerra a Trump.

Lo que es no querer ni un poquito a tu pa√≠s...",Fri May 31 23:57:47 +0000 2019,01/06/2019 00:57:47,274666562,275,"M√©xico, Ciudad de M√©xico",http://twitter.com/Fersazul/statuses/1134609954684448768,0
335,RT @davidluhnow: Doesn't sound like AMLO's letter had much impact. https://t.co/XRDgAEhlEC,Fri May 31 23:57:45 +0000 2019,01/06/2019 00:57:45,771499131063992320,266,Estados Unidos,http://twitter.com/Andea27/statuses/1134609945880670208,0
336,RT @eldeforma: Trump contrata a migrante ilegal para que le traduzca la carta de AMLO https://t.co/5VX82nEHPn,Fri May 31 23:57:45 +0000 2019,01/06/2019 00:57:45,93782939,241,"Canc√∫n,Qroo.",http://twitter.com/MarioAcostaV/statuses/1134609945389936640,0
337,"RT @DoliaEstevez: Cierran filas en torno a embestida: ""Gobernadores, Carlos Slim, CCE, Coparmex y pol√≠ticos respaldan a AMLO y le piden firmeza ante EU"", v√≠a @SinEmbargoMx https://t.co/F2cFtXNVK8",Fri May 31 23:57:35 +0000 2019,01/06/2019 00:57:35,754854627544141824,188,,http://twitter.com/MarthaRam49/statuses/1134609900733157377,0
338,RT @RataroTio: AMLO ESTAMOS CONTIGO https://t.co/kEVkQx9RgP,Fri May 31 23:57:34 +0000 2019,01/06/2019 00:57:34,238812357,31,Mexico,http://twitter.com/Norfel150857/statuses/1134609899365814272,1
340,"RT @qtf: En el 2018, AMLO advirti√≥ a Trump que le contestar√≠a sus amenazas en redes de Facebook y Twitter, y que, afirm√≥, √©l no usar√≠a al canciller.
(VIDEO Milenio)
¬øY luego?
FernandaF https://t.co/ZdJmrEkGZ6",Fri May 31 23:57:33 +0000 2019,01/06/2019 00:57:33,793896453382955008,17,,http://twitter.com/suyg9730/statuses/1134609893095235584,0
341,"Visita de #AMLO a #Tlaxcala
En linea @lopezobrador_ @MarcoAMena https://t.co/SKl0BUE56t",Fri May 31 23:57:30 +0000 2019,01/06/2019 00:57:30,2308700155,3123,"Tlaxcala, M√©xico",http://twitter.com/lineadecontrast/statuses/1134609881716203524,1
343,"RT @13_iracheta: Amlo mand√≥ un mensaje muy claro que el pueblo bueno capt√≥ inmediatamente.

Pueden seguir secuestrando soldados, los pueden golpear, escupir e insultar, o cualquier otra cosa que se les ocurra... y los soldados
seguir√°n siendo prudentes.

Seguro veremos muchos casos m√°s. https://t.co/34fdIcvT4T",Fri May 31 23:57:28 +0000 2019,01/06/2019 00:57:28,831759893585596416,1049,Ciudad de M√©xico,http://twitter.com/Eduardo_RCM/statuses/1134609872572563457,0
344,RT @JorgeGCastaneda: Carta de amlo a trump parece respuesta de miss universo: estoy a favor de la paz mundial.,Fri May 31 23:57:27 +0000 2019,01/06/2019 00:57:27,118456108,38036,"Quer√©taro, Quer√©taro Arteaga",http://twitter.com/Omar_Castrejon/statuses/1134609871020732416,0
345,"Trump y su proteccionismo, impondr√° un 5% de arancel a las importaciones Mexicanas, AMLO responde. https://t.co/uPPpvq3lMz",Fri May 31 23:57:27 +0000 2019,01/06/2019 00:57:27,89748022,10183,Rep√∫blica Dominicana,http://twitter.com/daurysantana/statuses/1134609868265000962,1
346,"@acastagne @Nigromanterueda Desgraciadamente el lenguaje tan limitado, usado solo para insultar es lo normal en los fan√°ticos de Motena y AMLO.",Fri May 31 23:57:26 +0000 2019,01/06/2019 00:57:26,3234395064,40,Mexico City,http://twitter.com/villalobosmke/statuses/1134609865576538112,0
348,"RT @QuesaVerdades: VIDEO NUEVO: China no abandonar√° a AMLO, reiterar√° su apoyo en contra de Trump y en vƒôngƒÖnzƒÖ por Huawei

https://t.co/tvqVmyNOBy v√≠a @YouTube",Fri May 31 23:57:24 +0000 2019,01/06/2019 00:57:24,274666562,275,"M√©xico, Ciudad de M√©xico",http://twitter.com/Fersazul/statuses/1134609855791190016,0
349,Marko Cort√©s pide a AMLO ‚Äúno ser d√©bil‚Äù ante imposici√≥n de aranceles https://t.co/BkgYbd6GyD,Fri May 31 23:57:23 +0000 2019,01/06/2019 00:57:23,2215358216,22070,,http://twitter.com/MinutoChiapas/statuses/1134609853471756288,0
350,"Coparmex pide al gobierno de AMLO responder ""sin vacilaciones"" a arancel de Estados Unidos | El Economista https://t.co/vZ0icxYwXR",Fri May 31 23:57:19 +0000 2019,01/06/2019 00:57:19,1627363441,34760,M√©xico,http://twitter.com/gdehoyoswalther/statuses/1134609833586507777,0
351,RT @gloriakmpos: @DoliaEstevez @nytimes definitivamente AMLO es un lider mundial respetado por muchos y por su pueblo #AMLOEstamosContigo,Fri May 31 23:57:18 +0000 2019,01/06/2019 00:57:18,1252629458,355,"Puebla, M√©xico",http://twitter.com/573jmc/statuses/1134609831762042880,0
352,@lopezdoriga Que bonita foto con AMLO. Felicidades teacher. Que bueno que ya hubo acercamiento,Fri May 31 23:57:17 +0000 2019,01/06/2019 00:57:17,868310491202027520,40,Planeta Tierra,http://twitter.com/RobertDiCaprio4/statuses/1134609828226248704,1
353,RT @SergioSarmiento: La carta de amor y paz de AMLO a Trump es,Fri May 31 23:57:16 +0000 2019,01/06/2019 00:57:16,1643058097,73,,http://twitter.com/RojasJrm/statuses/1134609822681145344,1
354,"RT @Carloslopezjone: ¬°Ya la hicimos! üéâ
¬°Cuba üá®üá∫ nos apoya en nuestra lucha, contra el Imperialismo Yankee!!!
Y apenas van 5 meses de este gobierno... es realmente preocupante üò¢üá≤üáΩ https://t.co/rq4bYsz8q4",Fri May 31 23:57:14 +0000 2019,01/06/2019 00:57:14,123951258,334,GDL,http://twitter.com/CARLOS_GAMZ/statuses/1134609816301821954,0
355,"RT @QuesaVerdades: VIDEO NUEVO: Respuesta de AMLO impresiona a medios internacionales, Trump tumba las bolsas a nivel global
https://t.co/AVFuyxkLSB v√≠a @YouTube",Fri May 31 23:57:13 +0000 2019,01/06/2019 00:57:13,984929330936631296,26,,http://twitter.com/MaraTeresitaFr2/statuses/1134609810211725312,0
356,"RT @El_Universal_Mx: ‚ÄúPor instrucciones del Sr. Presidente de la Rep√∫blica, Lic. Andr√©s Manuel L√≥pez Obrador, le informo que las peticiones en comento [para salir del pa√≠s] NO FUERON AUTORIZADAS‚Äù, se lee en el oficio que hicieron llegar a la directora de @Conacyt_MX https://t.co/O9aJZD1nlZ",Fri May 31 23:57:09 +0000 2019,01/06/2019 00:57:09,1604299778,1515,"M√©xico, D.F.",http://twitter.com/estrella_gus/statuses/1134609794801659904,1
